Symbol Name,Reference,Value,Footprint,Datasheet,Description,Manufacturer,MPN,Tolerance,Temperature Coefficient,Voltage Rating,Case Code - in,Case Code - mm,Series,Trustedparts Search,Component Type
R_RT0805FRD071RL,R,1 Ω,resistor_footprints:R_0805_2012Metric,https://www.yageo.com/en/ProductSearch/PartNumberSearch?part_number=RT0805FRD071RL,RES SMD 1 Ω 1% 0805 150V,Yageo,RT0805FRD071RL,1%,25 ppm/°C,150V,0805,2012,RT0805FRD07,https://www.trustedparts.com/en/search/RT0805FRD071RL,Resistor
R_RT0805FRD071R5L,R,1.5 Ω,resistor_footprints:R_0805_2012Metric,https://www.yageo.com/en/ProductSearch/PartNumberSearch?part_number=RT0805FRD071R5L,RES SMD 1.5 Ω 1% 0805 150V,Yageo,RT0805FRD071R5L,1%,25 ppm/°C,150V,0805,2012,RT0805FRD07,https://www.trustedparts.com/en/search/RT0805FRD071R5L,Resistor
R_RT0805FRD072RL,R,2 Ω,resistor_footprints:R_0805_2012Metric,https://www.yageo.com/en/ProductSearch/PartNumberSearch?part_number=RT0805FRD072RL,RES SMD 2 Ω 1% 0805 150V,Yageo,RT0805FRD072RL,1%,25 ppm/°C,150V,0805,2012,RT0805FRD07,https://www.trustedparts.com/en/search/RT0805FRD072RL,Resistor
R_RT0805FRD072R2L,R,2.2 Ω,resistor_footprints:R_0805_2012Metric,https://www.yageo.com/en/ProductSearch/PartNumberSearch?part_number=RT0805FRD072R2L,RES SMD 2.2 Ω 1% 0805 150V,Yageo,RT0805FRD072R2L,1%,25 ppm/°C,150V,0805,2012,RT0805FRD07,https://www.trustedparts.com/en/search/RT0805FRD072R2L,Resistor
R_RT0805FRD072R43L,R,2.43 Ω,resistor_footprints:R_0805_2012Metric,https://www.yageo.com/en/ProductSearch/PartNumberSearch?part_number=RT0805FRD072R43L,RES SMD 2.43 Ω 1% 0805 150V,Yageo,RT0805FRD072R43L,1%,25 ppm/°C,150V,0805,2012,RT0805FRD07,https://www.trustedparts.com/en/search/RT0805FRD072R43L,Resistor
R_RT0805FRD073RL,R,3 Ω,resistor_footprints:R_0805_2012Metric,https://www.yageo.com/en/ProductSearch/PartNumberSearch?part_number=RT0805FRD073RL,RES SMD 3 Ω 1% 0805 150V,Yageo,RT0805FRD073RL,1%,25 ppm/°C,150V,0805,2012,RT0805FRD07,https://www.trustedparts.com/en/search/RT0805FRD073RL,Resistor
R_RT0805FRD073R3L,R,3.3 Ω,resistor_footprints:R_0805_2012Metric,https://www.yageo.com/en/ProductSearch/PartNumberSearch?part_number=RT0805FRD073R3L,RES SMD 3.3 Ω 1% 0805 150V,Yageo,RT0805FRD073R3L,1%,25 ppm/°C,150V,0805,2012,RT0805FRD07,https://www.trustedparts.com/en/search/RT0805FRD073R3L,Resistor
R_RT0805FRD073R6L,R,3.6 Ω,resistor_footprints:R_0805_2012Metric,https://www.yageo.com/en/ProductSearch/PartNumberSearch?part_number=RT0805FRD073R6L,RES SMD 3.6 Ω 1% 0805 150V,Yageo,RT0805FRD073R6L,1%,25 ppm/°C,150V,0805,2012,RT0805FRD07,https://www.trustedparts.com/en/search/RT0805FRD073R6L,Resistor
R_RT0805FRD073R9L,R,3.9 Ω,resistor_footprints:R_0805_2012Metric,https://www.yageo.com/en/ProductSearch/PartNumberSearch?part_number=RT0805FRD073R9L,RES SMD 3.9 Ω 1% 0805 150V,Yageo,RT0805FRD073R9L,1%,25 ppm/°C,150V,0805,2012,RT0805FRD07,https://www.trustedparts.com/en/search/RT0805FRD073R9L,Resistor
R_RT0805FRD074R02L,R,4.02 Ω,resistor_footprints:R_0805_2012Metric,https://www.yageo.com/en/ProductSearch/PartNumberSearch?part_number=RT0805FRD074R02L,RES SMD 4.02 Ω 1% 0805 150V,Yageo,RT0805FRD074R02L,1%,25 ppm/°C,150V,0805,2012,RT0805FRD07,https://www.trustedparts.com/en/search/RT0805FRD074R02L,Resistor
R_RT0805FRD074R7L,R,4.7 Ω,resistor_footprints:R_0805_2012Metric,https://www.yageo.com/en/ProductSearch/PartNumberSearch?part_number=RT0805FRD074R7L,RES SMD 4.7 Ω 1% 0805 150V,Yageo,RT0805FRD074R7L,1%,25 ppm/°C,150V,0805,2012,RT0805FRD07,https://www.trustedparts.com/en/search/RT0805FRD074R7L,Resistor
R_RT0805FRD074R75L,R,4.75 Ω,resistor_footprints:R_0805_2012Metric,https://www.yageo.com/en/ProductSearch/PartNumberSearch?part_number=RT0805FRD074R75L,RES SMD 4.75 Ω 1% 0805 150V,Yageo,RT0805FRD074R75L,1%,25 ppm/°C,150V,0805,2012,RT0805FRD07,https://www.trustedparts.com/en/search/RT0805FRD074R75L,Resistor
R_RT0805FRD075R1L,R,5.1 Ω,resistor_footprints:R_0805_2012Metric,https://www.yageo.com/en/ProductSearch/PartNumberSearch?part_number=RT0805FRD075R1L,RES SMD 5.1 Ω 1% 0805 150V,Yageo,RT0805FRD075R1L,1%,25 ppm/°C,150V,0805,2012,RT0805FRD07,https://www.trustedparts.com/en/search/RT0805FRD075R1L,Resistor
R_RT0805FRD076R2L,R,6.2 Ω,resistor_footprints:R_0805_2012Metric,https://www.yageo.com/en/ProductSearch/PartNumberSearch?part_number=RT0805FRD076R2L,RES SMD 6.2 Ω 1% 0805 150V,Yageo,RT0805FRD076R2L,1%,25 ppm/°C,150V,0805,2012,RT0805FRD07,https://www.trustedparts.com/en/search/RT0805FRD076R2L,Resistor
R_RT0805FRD076R65L,R,6.65 Ω,resistor_footprints:R_0805_2012Metric,https://www.yageo.com/en/ProductSearch/PartNumberSearch?part_number=RT0805FRD076R65L,RES SMD 6.65 Ω 1% 0805 150V,Yageo,RT0805FRD076R65L,1%,25 ppm/°C,150V,0805,2012,RT0805FRD07,https://www.trustedparts.com/en/search/RT0805FRD076R65L,Resistor
R_RT0805FRD076R8L,R,6.8 Ω,resistor_footprints:R_0805_2012Metric,https://www.yageo.com/en/ProductSearch/PartNumberSearch?part_number=RT0805FRD076R8L,RES SMD 6.8 Ω 1% 0805 150V,Yageo,RT0805FRD076R8L,1%,25 ppm/°C,150V,0805,2012,RT0805FRD07,https://www.trustedparts.com/en/search/RT0805FRD076R8L,Resistor
R_RT0805FRD077R5L,R,7.5 Ω,resistor_footprints:R_0805_2012Metric,https://www.yageo.com/en/ProductSearch/PartNumberSearch?part_number=RT0805FRD077R5L,RES SMD 7.5 Ω 1% 0805 150V,Yageo,RT0805FRD077R5L,1%,25 ppm/°C,150V,0805,2012,RT0805FRD07,https://www.trustedparts.com/en/search/RT0805FRD077R5L,Resistor
R_RT0805FRD078R2L,R,8.2 Ω,resistor_footprints:R_0805_2012Metric,https://www.yageo.com/en/ProductSearch/PartNumberSearch?part_number=RT0805FRD078R2L,RES SMD 8.2 Ω 1% 0805 150V,Yageo,RT0805FRD078R2L,1%,25 ppm/°C,150V,0805,2012,RT0805FRD07,https://www.trustedparts.com/en/search/RT0805FRD078R2L,Resistor
R_RT0805FRD0710RL,R,10 Ω,resistor_footprints:R_0805_2012Metric,https://www.yageo.com/en/ProductSearch/PartNumberSearch?part_number=RT0805FRD0710RL,RES SMD 10 Ω 1% 0805 150V,Yageo,RT0805FRD0710RL,1%,25 ppm/°C,150V,0805,2012,RT0805FRD07,https://www.trustedparts.com/en/search/RT0805FRD0710RL,Resistor
R_RT0805FRD0711RL,R,11 Ω,resistor_footprints:R_0805_2012Metric,https://www.yageo.com/en/ProductSearch/PartNumberSearch?part_number=RT0805FRD0711RL,RES SMD 11 Ω 1% 0805 150V,Yageo,RT0805FRD0711RL,1%,25 ppm/°C,150V,0805,2012,RT0805FRD07,https://www.trustedparts.com/en/search/RT0805FRD0711RL,Resistor
R_RT0805FRD0712RL,R,12 Ω,resistor_footprints:R_0805_2012Metric,https://www.yageo.com/en/ProductSearch/PartNumberSearch?part_number=RT0805FRD0712RL,RES SMD 12 Ω 1% 0805 150V,Yageo,RT0805FRD0712RL,1%,25 ppm/°C,150V,0805,2012,RT0805FRD07,https://www.trustedparts.com/en/search/RT0805FRD0712RL,Resistor
R_RT0805FRD0715RL,R,15 Ω,resistor_footprints:R_0805_2012Metric,https://www.yageo.com/en/ProductSearch/PartNumberSearch?part_number=RT0805FRD0715RL,RES SMD 15 Ω 1% 0805 150V,Yageo,RT0805FRD0715RL,1%,25 ppm/°C,150V,0805,2012,RT0805FRD07,https://www.trustedparts.com/en/search/RT0805FRD0715RL,Resistor
R_RT0805FRD0716R9L,R,16.9 Ω,resistor_footprints:R_0805_2012Metric,https://www.yageo.com/en/ProductSearch/PartNumberSearch?part_number=RT0805FRD0716R9L,RES SMD 16.9 Ω 1% 0805 150V,Yageo,RT0805FRD0716R9L,1%,25 ppm/°C,150V,0805,2012,RT0805FRD07,https://www.trustedparts.com/en/search/RT0805FRD0716R9L,Resistor
R_RT0805FRD0718RL,R,18 Ω,resistor_footprints:R_0805_2012Metric,https://www.yageo.com/en/ProductSearch/PartNumberSearch?part_number=RT0805FRD0718RL,RES SMD 18 Ω 1% 0805 150V,Yageo,RT0805FRD0718RL,1%,25 ppm/°C,150V,0805,2012,RT0805FRD07,https://www.trustedparts.com/en/search/RT0805FRD0718RL,Resistor
R_RT0805FRD0720RL,R,20 Ω,resistor_footprints:R_0805_2012Metric,https://www.yageo.com/en/ProductSearch/PartNumberSearch?part_number=RT0805FRD0720RL,RES SMD 20 Ω 1% 0805 150V,Yageo,RT0805FRD0720RL,1%,25 ppm/°C,150V,0805,2012,RT0805FRD07,https://www.trustedparts.com/en/search/RT0805FRD0720RL,Resistor
R_RT0805FRD0722RL,R,22 Ω,resistor_footprints:R_0805_2012Metric,https://www.yageo.com/en/ProductSearch/PartNumberSearch?part_number=RT0805FRD0722RL,RES SMD 22 Ω 1% 0805 150V,Yageo,RT0805FRD0722RL,1%,25 ppm/°C,150V,0805,2012,RT0805FRD07,https://www.trustedparts.com/en/search/RT0805FRD0722RL,Resistor
R_RT0805FRD0724R9L,R,24.9 Ω,resistor_footprints:R_0805_2012Metric,https://www.yageo.com/en/ProductSearch/PartNumberSearch?part_number=RT0805FRD0724R9L,RES SMD 24.9 Ω 1% 0805 150V,Yageo,RT0805FRD0724R9L,1%,25 ppm/°C,150V,0805,2012,RT0805FRD07,https://www.trustedparts.com/en/search/RT0805FRD0724R9L,Resistor
R_RT0805FRD0727RL,R,27 Ω,resistor_footprints:R_0805_2012Metric,https://www.yageo.com/en/ProductSearch/PartNumberSearch?part_number=RT0805FRD0727RL,RES SMD 27 Ω 1% 0805 150V,Yageo,RT0805FRD0727RL,1%,25 ppm/°C,150V,0805,2012,RT0805FRD07,https://www.trustedparts.com/en/search/RT0805FRD0727RL,Resistor
R_RT0805FRD0730RL,R,30 Ω,resistor_footprints:R_0805_2012Metric,https://www.yageo.com/en/ProductSearch/PartNumberSearch?part_number=RT0805FRD0730RL,RES SMD 30 Ω 1% 0805 150V,Yageo,RT0805FRD0730RL,1%,25 ppm/°C,150V,0805,2012,RT0805FRD07,https://www.trustedparts.com/en/search/RT0805FRD0730RL,Resistor
R_RT0805FRD0733RL,R,33 Ω,resistor_footprints:R_0805_2012Metric,https://www.yageo.com/en/ProductSearch/PartNumberSearch?part_number=RT0805FRD0733RL,RES SMD 33 Ω 1% 0805 150V,Yageo,RT0805FRD0733RL,1%,25 ppm/°C,150V,0805,2012,RT0805FRD07,https://www.trustedparts.com/en/search/RT0805FRD0733RL,Resistor
R_RT0805FRD0736RL,R,36 Ω,resistor_footprints:R_0805_2012Metric,https://www.yageo.com/en/ProductSearch/PartNumberSearch?part_number=RT0805FRD0736RL,RES SMD 36 Ω 1% 0805 150V,Yageo,RT0805FRD0736RL,1%,25 ppm/°C,150V,0805,2012,RT0805FRD07,https://www.trustedparts.com/en/search/RT0805FRD0736RL,Resistor
R_RT0805FRD0739RL,R,39 Ω,resistor_footprints:R_0805_2012Metric,https://www.yageo.com/en/ProductSearch/PartNumberSearch?part_number=RT0805FRD0739RL,RES SMD 39 Ω 1% 0805 150V,Yageo,RT0805FRD0739RL,1%,25 ppm/°C,150V,0805,2012,RT0805FRD07,https://www.trustedparts.com/en/search/RT0805FRD0739RL,Resistor
R_RT0805FRD0747RL,R,47 Ω,resistor_footprints:R_0805_2012Metric,https://www.yageo.com/en/ProductSearch/PartNumberSearch?part_number=RT0805FRD0747RL,RES SMD 47 Ω 1% 0805 150V,Yageo,RT0805FRD0747RL,1%,25 ppm/°C,150V,0805,2012,RT0805FRD07,https://www.trustedparts.com/en/search/RT0805FRD0747RL,Resistor
R_RT0805FRD0747R5L,R,47.5 Ω,resistor_footprints:R_0805_2012Metric,https://www.yageo.com/en/ProductSearch/PartNumberSearch?part_number=RT0805FRD0747R5L,RES SMD 47.5 Ω 1% 0805 150V,Yageo,RT0805FRD0747R5L,1%,25 ppm/°C,150V,0805,2012,RT0805FRD07,https://www.trustedparts.com/en/search/RT0805FRD0747R5L,Resistor
R_RT0805FRD0749R9L,R,49.9 Ω,resistor_footprints:R_0805_2012Metric,https://www.yageo.com/en/ProductSearch/PartNumberSearch?part_number=RT0805FRD0749R9L,RES SMD 49.9 Ω 1% 0805 150V,Yageo,RT0805FRD0749R9L,1%,25 ppm/°C,150V,0805,2012,RT0805FRD07,https://www.trustedparts.com/en/search/RT0805FRD0749R9L,Resistor
R_RT0805FRD0751RL,R,51 Ω,resistor_footprints:R_0805_2012Metric,https://www.yageo.com/en/ProductSearch/PartNumberSearch?part_number=RT0805FRD0751RL,RES SMD 51 Ω 1% 0805 150V,Yageo,RT0805FRD0751RL,1%,25 ppm/°C,150V,0805,2012,RT0805FRD07,https://www.trustedparts.com/en/search/RT0805FRD0751RL,Resistor
R_RT0805FRD0751R1L,R,51.1 Ω,resistor_footprints:R_0805_2012Metric,https://www.yageo.com/en/ProductSearch/PartNumberSearch?part_number=RT0805FRD0751R1L,RES SMD 51.1 Ω 1% 0805 150V,Yageo,RT0805FRD0751R1L,1%,25 ppm/°C,150V,0805,2012,RT0805FRD07,https://www.trustedparts.com/en/search/RT0805FRD0751R1L,Resistor
R_RT0805FRD0762RL,R,62 Ω,resistor_footprints:R_0805_2012Metric,https://www.yageo.com/en/ProductSearch/PartNumberSearch?part_number=RT0805FRD0762RL,RES SMD 62 Ω 1% 0805 150V,Yageo,RT0805FRD0762RL,1%,25 ppm/°C,150V,0805,2012,RT0805FRD07,https://www.trustedparts.com/en/search/RT0805FRD0762RL,Resistor
R_RT0805FRD0768RL,R,68 Ω,resistor_footprints:R_0805_2012Metric,https://www.yageo.com/en/ProductSearch/PartNumberSearch?part_number=RT0805FRD0768RL,RES SMD 68 Ω 1% 0805 150V,Yageo,RT0805FRD0768RL,1%,25 ppm/°C,150V,0805,2012,RT0805FRD07,https://www.trustedparts.com/en/search/RT0805FRD0768RL,Resistor
R_RT0805FRD0775RL,R,75 Ω,resistor_footprints:R_0805_2012Metric,https://www.yageo.com/en/ProductSearch/PartNumberSearch?part_number=RT0805FRD0775RL,RES SMD 75 Ω 1% 0805 150V,Yageo,RT0805FRD0775RL,1%,25 ppm/°C,150V,0805,2012,RT0805FRD07,https://www.trustedparts.com/en/search/RT0805FRD0775RL,Resistor
R_RT0805FRD0791RL,R,91 Ω,resistor_footprints:R_0805_2012Metric,https://www.yageo.com/en/ProductSearch/PartNumberSearch?part_number=RT0805FRD0791RL,RES SMD 91 Ω 1% 0805 150V,Yageo,RT0805FRD0791RL,1%,25 ppm/°C,150V,0805,2012,RT0805FRD07,https://www.trustedparts.com/en/search/RT0805FRD0791RL,Resistor
R_RT0805FRD07100RL,R,100 Ω,resistor_footprints:R_0805_2012Metric,https://www.yageo.com/en/ProductSearch/PartNumberSearch?part_number=RT0805FRD07100RL,RES SMD 100 Ω 1% 0805 150V,Yageo,RT0805FRD07100RL,1%,25 ppm/°C,150V,0805,2012,RT0805FRD07,https://www.trustedparts.com/en/search/RT0805FRD07100RL,Resistor
R_RT0805FRD07120RL,R,120 Ω,resistor_footprints:R_0805_2012Metric,https://www.yageo.com/en/ProductSearch/PartNumberSearch?part_number=RT0805FRD07120RL,RES SMD 120 Ω 1% 0805 150V,Yageo,RT0805FRD07120RL,1%,25 ppm/°C,150V,0805,2012,RT0805FRD07,https://www.trustedparts.com/en/search/RT0805FRD07120RL,Resistor
R_RT0805FRD07150RL,R,150 Ω,resistor_footprints:R_0805_2012Metric,https://www.yageo.com/en/ProductSearch/PartNumberSearch?part_number=RT0805FRD07150RL,RES SMD 150 Ω 1% 0805 150V,Yageo,RT0805FRD07150RL,1%,25 ppm/°C,150V,0805,2012,RT0805FRD07,https://www.trustedparts.com/en/search/RT0805FRD07150RL,Resistor
R_RT0805FRD07158RL,R,158 Ω,resistor_footprints:R_0805_2012Metric,https://www.yageo.com/en/ProductSearch/PartNumberSearch?part_number=RT0805FRD07158RL,RES SMD 158 Ω 1% 0805 150V,Yageo,RT0805FRD07158RL,1%,25 ppm/°C,150V,0805,2012,RT0805FRD07,https://www.trustedparts.com/en/search/RT0805FRD07158RL,Resistor
R_RT0805FRD07200RL,R,200 Ω,resistor_footprints:R_0805_2012Metric,https://www.yageo.com/en/ProductSearch/PartNumberSearch?part_number=RT0805FRD07200RL,RES SMD 200 Ω 1% 0805 150V,Yageo,RT0805FRD07200RL,1%,25 ppm/°C,150V,0805,2012,RT0805FRD07,https://www.trustedparts.com/en/search/RT0805FRD07200RL,Resistor
R_RT0805FRD07205RL,R,205 Ω,resistor_footprints:R_0805_2012Metric,https://www.yageo.com/en/ProductSearch/PartNumberSearch?part_number=RT0805FRD07205RL,RES SMD 205 Ω 1% 0805 150V,Yageo,RT0805FRD07205RL,1%,25 ppm/°C,150V,0805,2012,RT0805FRD07,https://www.trustedparts.com/en/search/RT0805FRD07205RL,Resistor
R_RT0805FRD07210RL,R,210 Ω,resistor_footprints:R_0805_2012Metric,https://www.yageo.com/en/ProductSearch/PartNumberSearch?part_number=RT0805FRD07210RL,RES SMD 210 Ω 1% 0805 150V,Yageo,RT0805FRD07210RL,1%,25 ppm/°C,150V,0805,2012,RT0805FRD07,https://www.trustedparts.com/en/search/RT0805FRD07210RL,Resistor
R_RT0805FRD07220RL,R,220 Ω,resistor_footprints:R_0805_2012Metric,https://www.yageo.com/en/ProductSearch/PartNumberSearch?part_number=RT0805FRD07220RL,RES SMD 220 Ω 1% 0805 150V,Yageo,RT0805FRD07220RL,1%,25 ppm/°C,150V,0805,2012,RT0805FRD07,https://www.trustedparts.com/en/search/RT0805FRD07220RL,Resistor
R_RT0805FRD07221RL,R,221 Ω,resistor_footprints:R_0805_2012Metric,https://www.yageo.com/en/ProductSearch/PartNumberSearch?part_number=RT0805FRD07221RL,RES SMD 221 Ω 1% 0805 150V,Yageo,RT0805FRD07221RL,1%,25 ppm/°C,150V,0805,2012,RT0805FRD07,https://www.trustedparts.com/en/search/RT0805FRD07221RL,Resistor
R_RT0805FRD07240RL,R,240 Ω,resistor_footprints:R_0805_2012Metric,https://www.yageo.com/en/ProductSearch/PartNumberSearch?part_number=RT0805FRD07240RL,RES SMD 240 Ω 1% 0805 150V,Yageo,RT0805FRD07240RL,1%,25 ppm/°C,150V,0805,2012,RT0805FRD07,https://www.trustedparts.com/en/search/RT0805FRD07240RL,Resistor
R_RT0805FRD07249RL,R,249 Ω,resistor_footprints:R_0805_2012Metric,https://www.yageo.com/en/ProductSearch/PartNumberSearch?part_number=RT0805FRD07249RL,RES SMD 249 Ω 1% 0805 150V,Yageo,RT0805FRD07249RL,1%,25 ppm/°C,150V,0805,2012,RT0805FRD07,https://www.trustedparts.com/en/search/RT0805FRD07249RL,Resistor
R_RT0805FRD07270RL,R,270 Ω,resistor_footprints:R_0805_2012Metric,https://www.yageo.com/en/ProductSearch/PartNumberSearch?part_number=RT0805FRD07270RL,RES SMD 270 Ω 1% 0805 150V,Yageo,RT0805FRD07270RL,1%,25 ppm/°C,150V,0805,2012,RT0805FRD07,https://www.trustedparts.com/en/search/RT0805FRD07270RL,Resistor
R_RT0805FRD07300RL,R,300 Ω,resistor_footprints:R_0805_2012Metric,https://www.yageo.com/en/ProductSearch/PartNumberSearch?part_number=RT0805FRD07300RL,RES SMD 300 Ω 1% 0805 150V,Yageo,RT0805FRD07300RL,1%,25 ppm/°C,150V,0805,2012,RT0805FRD07,https://www.trustedparts.com/en/search/RT0805FRD07300RL,Resistor
R_RT0805FRD07301RL,R,301 Ω,resistor_footprints:R_0805_2012Metric,https://www.yageo.com/en/ProductSearch/PartNumberSearch?part_number=RT0805FRD07301RL,RES SMD 301 Ω 1% 0805 150V,Yageo,RT0805FRD07301RL,1%,25 ppm/°C,150V,0805,2012,RT0805FRD07,https://www.trustedparts.com/en/search/RT0805FRD07301RL,Resistor
R_RT0805FRD07330RL,R,330 Ω,resistor_footprints:R_0805_2012Metric,https://www.yageo.com/en/ProductSearch/PartNumberSearch?part_number=RT0805FRD07330RL,RES SMD 330 Ω 1% 0805 150V,Yageo,RT0805FRD07330RL,1%,25 ppm/°C,150V,0805,2012,RT0805FRD07,https://www.trustedparts.com/en/search/RT0805FRD07330RL,Resistor
R_RT0805FRD07390RL,R,390 Ω,resistor_footprints:R_0805_2012Metric,https://www.yageo.com/en/ProductSearch/PartNumberSearch?part_number=RT0805FRD07390RL,RES SMD 390 Ω 1% 0805 150V,Yageo,RT0805FRD07390RL,1%,25 ppm/°C,150V,0805,2012,RT0805FRD07,https://www.trustedparts.com/en/search/RT0805FRD07390RL,Resistor
R_RT0805FRD07470RL,R,470 Ω,resistor_footprints:R_0805_2012Metric,https://www.yageo.com/en/ProductSearch/PartNumberSearch?part_number=RT0805FRD07470RL,RES SMD 470 Ω 1% 0805 150V,Yageo,RT0805FRD07470RL,1%,25 ppm/°C,150V,0805,2012,RT0805FRD07,https://www.trustedparts.com/en/search/RT0805FRD07470RL,Resistor
R_RT0805FRD07475RL,R,475 Ω,resistor_footprints:R_0805_2012Metric,https://www.yageo.com/en/ProductSearch/PartNumberSearch?part_number=RT0805FRD07475RL,RES SMD 475 Ω 1% 0805 150V,Yageo,RT0805FRD07475RL,1%,25 ppm/°C,150V,0805,2012,RT0805FRD07,https://www.trustedparts.com/en/search/RT0805FRD07475RL,Resistor
R_RT0805FRD07499RL,R,499 Ω,resistor_footprints:R_0805_2012Metric,https://www.yageo.com/en/ProductSearch/PartNumberSearch?part_number=RT0805FRD07499RL,RES SMD 499 Ω 1% 0805 150V,Yageo,RT0805FRD07499RL,1%,25 ppm/°C,150V,0805,2012,RT0805FRD07,https://www.trustedparts.com/en/search/RT0805FRD07499RL,Resistor
R_RT0805FRD07510RL,R,510 Ω,resistor_footprints:R_0805_2012Metric,https://www.yageo.com/en/ProductSearch/PartNumberSearch?part_number=RT0805FRD07510RL,RES SMD 510 Ω 1% 0805 150V,Yageo,RT0805FRD07510RL,1%,25 ppm/°C,150V,0805,2012,RT0805FRD07,https://www.trustedparts.com/en/search/RT0805FRD07510RL,Resistor
R_RT0805FRD07511RL,R,511 Ω,resistor_footprints:R_0805_2012Metric,https://www.yageo.com/en/ProductSearch/PartNumberSearch?part_number=RT0805FRD07511RL,RES SMD 511 Ω 1% 0805 150V,Yageo,RT0805FRD07511RL,1%,25 ppm/°C,150V,0805,2012,RT0805FRD07,https://www.trustedparts.com/en/search/RT0805FRD07511RL,Resistor
R_RT0805FRD07560RL,R,560 Ω,resistor_footprints:R_0805_2012Metric,https://www.yageo.com/en/ProductSearch/PartNumberSearch?part_number=RT0805FRD07560RL,RES SMD 560 Ω 1% 0805 150V,Yageo,RT0805FRD07560RL,1%,25 ppm/°C,150V,0805,2012,RT0805FRD07,https://www.trustedparts.com/en/search/RT0805FRD07560RL,Resistor
R_RT0805FRD07562RL,R,562 Ω,resistor_footprints:R_0805_2012Metric,https://www.yageo.com/en/ProductSearch/PartNumberSearch?part_number=RT0805FRD07562RL,RES SMD 562 Ω 1% 0805 150V,Yageo,RT0805FRD07562RL,1%,25 ppm/°C,150V,0805,2012,RT0805FRD07,https://www.trustedparts.com/en/search/RT0805FRD07562RL,Resistor
R_RT0805FRD07634RL,R,634 Ω,resistor_footprints:R_0805_2012Metric,https://www.yageo.com/en/ProductSearch/PartNumberSearch?part_number=RT0805FRD07634RL,RES SMD 634 Ω 1% 0805 150V,Yageo,RT0805FRD07634RL,1%,25 ppm/°C,150V,0805,2012,RT0805FRD07,https://www.trustedparts.com/en/search/RT0805FRD07634RL,Resistor
R_RT0805FRD07665RL,R,665 Ω,resistor_footprints:R_0805_2012Metric,https://www.yageo.com/en/ProductSearch/PartNumberSearch?part_number=RT0805FRD07665RL,RES SMD 665 Ω 1% 0805 150V,Yageo,RT0805FRD07665RL,1%,25 ppm/°C,150V,0805,2012,RT0805FRD07,https://www.trustedparts.com/en/search/RT0805FRD07665RL,Resistor
R_RT0805FRD07680RL,R,680 Ω,resistor_footprints:R_0805_2012Metric,https://www.yageo.com/en/ProductSearch/PartNumberSearch?part_number=RT0805FRD07680RL,RES SMD 680 Ω 1% 0805 150V,Yageo,RT0805FRD07680RL,1%,25 ppm/°C,150V,0805,2012,RT0805FRD07,https://www.trustedparts.com/en/search/RT0805FRD07680RL,Resistor
R_RT0805FRD07750RL,R,750 Ω,resistor_footprints:R_0805_2012Metric,https://www.yageo.com/en/ProductSearch/PartNumberSearch?part_number=RT0805FRD07750RL,RES SMD 750 Ω 1% 0805 150V,Yageo,RT0805FRD07750RL,1%,25 ppm/°C,150V,0805,2012,RT0805FRD07,https://www.trustedparts.com/en/search/RT0805FRD07750RL,Resistor
R_RT0805FRD07787RL,R,787 Ω,resistor_footprints:R_0805_2012Metric,https://www.yageo.com/en/ProductSearch/PartNumberSearch?part_number=RT0805FRD07787RL,RES SMD 787 Ω 1% 0805 150V,Yageo,RT0805FRD07787RL,1%,25 ppm/°C,150V,0805,2012,RT0805FRD07,https://www.trustedparts.com/en/search/RT0805FRD07787RL,Resistor
R_RT0805FRD07820RL,R,820 Ω,resistor_footprints:R_0805_2012Metric,https://www.yageo.com/en/ProductSearch/PartNumberSearch?part_number=RT0805FRD07820RL,RES SMD 820 Ω 1% 0805 150V,Yageo,RT0805FRD07820RL,1%,25 ppm/°C,150V,0805,2012,RT0805FRD07,https://www.trustedparts.com/en/search/RT0805FRD07820RL,Resistor
R_RT0805FRD07825RL,R,825 Ω,resistor_footprints:R_0805_2012Metric,https://www.yageo.com/en/ProductSearch/PartNumberSearch?part_number=RT0805FRD07825RL,RES SMD 825 Ω 1% 0805 150V,Yageo,RT0805FRD07825RL,1%,25 ppm/°C,150V,0805,2012,RT0805FRD07,https://www.trustedparts.com/en/search/RT0805FRD07825RL,Resistor
R_RT0805FRD07887RL,R,887 Ω,resistor_footprints:R_0805_2012Metric,https://www.yageo.com/en/ProductSearch/PartNumberSearch?part_number=RT0805FRD07887RL,RES SMD 887 Ω 1% 0805 150V,Yageo,RT0805FRD07887RL,1%,25 ppm/°C,150V,0805,2012,RT0805FRD07,https://www.trustedparts.com/en/search/RT0805FRD07887RL,Resistor
R_RT0805FRD07910RL,R,910 Ω,resistor_footprints:R_0805_2012Metric,https://www.yageo.com/en/ProductSearch/PartNumberSearch?part_number=RT0805FRD07910RL,RES SMD 910 Ω 1% 0805 150V,Yageo,RT0805FRD07910RL,1%,25 ppm/°C,150V,0805,2012,RT0805FRD07,https://www.trustedparts.com/en/search/RT0805FRD07910RL,Resistor
R_RT0805FRD071KL,R,1 kΩ,resistor_footprints:R_0805_2012Metric,https://www.yageo.com/en/ProductSearch/PartNumberSearch?part_number=RT0805FRD071KL,RES SMD 1 kΩ 1% 0805 150V,Yageo,RT0805FRD071KL,1%,25 ppm/°C,150V,0805,2012,RT0805FRD07,https://www.trustedparts.com/en/search/RT0805FRD071KL,Resistor
R_RT0805FRD071K2L,R,1.2 kΩ,resistor_footprints:R_0805_2012Metric,https://www.yageo.com/en/ProductSearch/PartNumberSearch?part_number=RT0805FRD071K2L,RES SMD 1.2 kΩ 1% 0805 150V,Yageo,RT0805FRD071K2L,1%,25 ppm/°C,150V,0805,2012,RT0805FRD07,https://www.trustedparts.com/en/search/RT0805FRD071K2L,Resistor
R_RT0805FRD071K21L,R,1.21 kΩ,resistor_footprints:R_0805_2012Metric,https://www.yageo.com/en/ProductSearch/PartNumberSearch?part_number=RT0805FRD071K21L,RES SMD 1.21 kΩ 1% 0805 150V,Yageo,RT0805FRD071K21L,1%,25 ppm/°C,150V,0805,2012,RT0805FRD07,https://www.trustedparts.com/en/search/RT0805FRD071K21L,Resistor
R_RT0805FRD071K3L,R,1.3 kΩ,resistor_footprints:R_0805_2012Metric,https://www.yageo.com/en/ProductSearch/PartNumberSearch?part_number=RT0805FRD071K3L,RES SMD 1.3 kΩ 1% 0805 150V,Yageo,RT0805FRD071K3L,1%,25 ppm/°C,150V,0805,2012,RT0805FRD07,https://www.trustedparts.com/en/search/RT0805FRD071K3L,Resistor
R_RT0805FRD071K5L,R,1.5 kΩ,resistor_footprints:R_0805_2012Metric,https://www.yageo.com/en/ProductSearch/PartNumberSearch?part_number=RT0805FRD071K5L,RES SMD 1.5 kΩ 1% 0805 150V,Yageo,RT0805FRD071K5L,1%,25 ppm/°C,150V,0805,2012,RT0805FRD07,https://www.trustedparts.com/en/search/RT0805FRD071K5L,Resistor
R_RT0805FRD071K6L,R,1.6 kΩ,resistor_footprints:R_0805_2012Metric,https://www.yageo.com/en/ProductSearch/PartNumberSearch?part_number=RT0805FRD071K6L,RES SMD 1.6 kΩ 1% 0805 150V,Yageo,RT0805FRD071K6L,1%,25 ppm/°C,150V,0805,2012,RT0805FRD07,https://www.trustedparts.com/en/search/RT0805FRD071K6L,Resistor
R_RT0805FRD071K8L,R,1.8 kΩ,resistor_footprints:R_0805_2012Metric,https://www.yageo.com/en/ProductSearch/PartNumberSearch?part_number=RT0805FRD071K8L,RES SMD 1.8 kΩ 1% 0805 150V,Yageo,RT0805FRD071K8L,1%,25 ppm/°C,150V,0805,2012,RT0805FRD07,https://www.trustedparts.com/en/search/RT0805FRD071K8L,Resistor
R_RT0805FRD071K91L,R,1.91 kΩ,resistor_footprints:R_0805_2012Metric,https://www.yageo.com/en/ProductSearch/PartNumberSearch?part_number=RT0805FRD071K91L,RES SMD 1.91 kΩ 1% 0805 150V,Yageo,RT0805FRD071K91L,1%,25 ppm/°C,150V,0805,2012,RT0805FRD07,https://www.trustedparts.com/en/search/RT0805FRD071K91L,Resistor
R_RT0805FRD072KL,R,2 kΩ,resistor_footprints:R_0805_2012Metric,https://www.yageo.com/en/ProductSearch/PartNumberSearch?part_number=RT0805FRD072KL,RES SMD 2 kΩ 1% 0805 150V,Yageo,RT0805FRD072KL,1%,25 ppm/°C,150V,0805,2012,RT0805FRD07,https://www.trustedparts.com/en/search/RT0805FRD072KL,Resistor
R_RT0805FRD072K2L,R,2.2 kΩ,resistor_footprints:R_0805_2012Metric,https://www.yageo.com/en/ProductSearch/PartNumberSearch?part_number=RT0805FRD072K2L,RES SMD 2.2 kΩ 1% 0805 150V,Yageo,RT0805FRD072K2L,1%,25 ppm/°C,150V,0805,2012,RT0805FRD07,https://www.trustedparts.com/en/search/RT0805FRD072K2L,Resistor
R_RT0805FRD072K49L,R,2.49 kΩ,resistor_footprints:R_0805_2012Metric,https://www.yageo.com/en/ProductSearch/PartNumberSearch?part_number=RT0805FRD072K49L,RES SMD 2.49 kΩ 1% 0805 150V,Yageo,RT0805FRD072K49L,1%,25 ppm/°C,150V,0805,2012,RT0805FRD07,https://www.trustedparts.com/en/search/RT0805FRD072K49L,Resistor
R_RT0805FRD072K7L,R,2.7 kΩ,resistor_footprints:R_0805_2012Metric,https://www.yageo.com/en/ProductSearch/PartNumberSearch?part_number=RT0805FRD072K7L,RES SMD 2.7 kΩ 1% 0805 150V,Yageo,RT0805FRD072K7L,1%,25 ppm/°C,150V,0805,2012,RT0805FRD07,https://www.trustedparts.com/en/search/RT0805FRD072K7L,Resistor
R_RT0805FRD073KL,R,3 kΩ,resistor_footprints:R_0805_2012Metric,https://www.yageo.com/en/ProductSearch/PartNumberSearch?part_number=RT0805FRD073KL,RES SMD 3 kΩ 1% 0805 150V,Yageo,RT0805FRD073KL,1%,25 ppm/°C,150V,0805,2012,RT0805FRD07,https://www.trustedparts.com/en/search/RT0805FRD073KL,Resistor
R_RT0805FRD073K01L,R,3.01 kΩ,resistor_footprints:R_0805_2012Metric,https://www.yageo.com/en/ProductSearch/PartNumberSearch?part_number=RT0805FRD073K01L,RES SMD 3.01 kΩ 1% 0805 150V,Yageo,RT0805FRD073K01L,1%,25 ppm/°C,150V,0805,2012,RT0805FRD07,https://www.trustedparts.com/en/search/RT0805FRD073K01L,Resistor
R_RT0805FRD073K3L,R,3.3 kΩ,resistor_footprints:R_0805_2012Metric,https://www.yageo.com/en/ProductSearch/PartNumberSearch?part_number=RT0805FRD073K3L,RES SMD 3.3 kΩ 1% 0805 150V,Yageo,RT0805FRD073K3L,1%,25 ppm/°C,150V,0805,2012,RT0805FRD07,https://www.trustedparts.com/en/search/RT0805FRD073K3L,Resistor
R_RT0805FRD073K32L,R,3.32 kΩ,resistor_footprints:R_0805_2012Metric,https://www.yageo.com/en/ProductSearch/PartNumberSearch?part_number=RT0805FRD073K32L,RES SMD 3.32 kΩ 1% 0805 150V,Yageo,RT0805FRD073K32L,1%,25 ppm/°C,150V,0805,2012,RT0805FRD07,https://www.trustedparts.com/en/search/RT0805FRD073K32L,Resistor
R_RT0805FRD073K4L,R,3.4 kΩ,resistor_footprints:R_0805_2012Metric,https://www.yageo.com/en/ProductSearch/PartNumberSearch?part_number=RT0805FRD073K4L,RES SMD 3.4 kΩ 1% 0805 150V,Yageo,RT0805FRD073K4L,1%,25 ppm/°C,150V,0805,2012,RT0805FRD07,https://www.trustedparts.com/en/search/RT0805FRD073K4L,Resistor
R_RT0805FRD073K9L,R,3.9 kΩ,resistor_footprints:R_0805_2012Metric,https://www.yageo.com/en/ProductSearch/PartNumberSearch?part_number=RT0805FRD073K9L,RES SMD 3.9 kΩ 1% 0805 150V,Yageo,RT0805FRD073K9L,1%,25 ppm/°C,150V,0805,2012,RT0805FRD07,https://www.trustedparts.com/en/search/RT0805FRD073K9L,Resistor
R_RT0805FRD074K02L,R,4.02 kΩ,resistor_footprints:R_0805_2012Metric,https://www.yageo.com/en/ProductSearch/PartNumberSearch?part_number=RT0805FRD074K02L,RES SMD 4.02 kΩ 1% 0805 150V,Yageo,RT0805FRD074K02L,1%,25 ppm/°C,150V,0805,2012,RT0805FRD07,https://www.trustedparts.com/en/search/RT0805FRD074K02L,Resistor
R_RT0805FRD074K3L,R,4.3 kΩ,resistor_footprints:R_0805_2012Metric,https://www.yageo.com/en/ProductSearch/PartNumberSearch?part_number=RT0805FRD074K3L,RES SMD 4.3 kΩ 1% 0805 150V,Yageo,RT0805FRD074K3L,1%,25 ppm/°C,150V,0805,2012,RT0805FRD07,https://www.trustedparts.com/en/search/RT0805FRD074K3L,Resistor
R_RT0805FRD074K42L,R,4.42 kΩ,resistor_footprints:R_0805_2012Metric,https://www.yageo.com/en/ProductSearch/PartNumberSearch?part_number=RT0805FRD074K42L,RES SMD 4.42 kΩ 1% 0805 150V,Yageo,RT0805FRD074K42L,1%,25 ppm/°C,150V,0805,2012,RT0805FRD07,https://www.trustedparts.com/en/search/RT0805FRD074K42L,Resistor
R_RT0805FRD074K7L,R,4.7 kΩ,resistor_footprints:R_0805_2012Metric,https://www.yageo.com/en/ProductSearch/PartNumberSearch?part_number=RT0805FRD074K7L,RES SMD 4.7 kΩ 1% 0805 150V,Yageo,RT0805FRD074K7L,1%,25 ppm/°C,150V,0805,2012,RT0805FRD07,https://www.trustedparts.com/en/search/RT0805FRD074K7L,Resistor
R_RT0805FRD074K99L,R,4.99 kΩ,resistor_footprints:R_0805_2012Metric,https://www.yageo.com/en/ProductSearch/PartNumberSearch?part_number=RT0805FRD074K99L,RES SMD 4.99 kΩ 1% 0805 150V,Yageo,RT0805FRD074K99L,1%,25 ppm/°C,150V,0805,2012,RT0805FRD07,https://www.trustedparts.com/en/search/RT0805FRD074K99L,Resistor
R_RT0805FRD075K1L,R,5.1 kΩ,resistor_footprints:R_0805_2012Metric,https://www.yageo.com/en/ProductSearch/PartNumberSearch?part_number=RT0805FRD075K1L,RES SMD 5.1 kΩ 1% 0805 150V,Yageo,RT0805FRD075K1L,1%,25 ppm/°C,150V,0805,2012,RT0805FRD07,https://www.trustedparts.com/en/search/RT0805FRD075K1L,Resistor
R_RT0805FRD075K6L,R,5.6 kΩ,resistor_footprints:R_0805_2012Metric,https://www.yageo.com/en/ProductSearch/PartNumberSearch?part_number=RT0805FRD075K6L,RES SMD 5.6 kΩ 1% 0805 150V,Yageo,RT0805FRD075K6L,1%,25 ppm/°C,150V,0805,2012,RT0805FRD07,https://www.trustedparts.com/en/search/RT0805FRD075K6L,Resistor
R_RT0805FRD076K8L,R,6.8 kΩ,resistor_footprints:R_0805_2012Metric,https://www.yageo.com/en/ProductSearch/PartNumberSearch?part_number=RT0805FRD076K8L,RES SMD 6.8 kΩ 1% 0805 150V,Yageo,RT0805FRD076K8L,1%,25 ppm/°C,150V,0805,2012,RT0805FRD07,https://www.trustedparts.com/en/search/RT0805FRD076K8L,Resistor
R_RT0805FRD077K5L,R,7.5 kΩ,resistor_footprints:R_0805_2012Metric,https://www.yageo.com/en/ProductSearch/PartNumberSearch?part_number=RT0805FRD077K5L,RES SMD 7.5 kΩ 1% 0805 150V,Yageo,RT0805FRD077K5L,1%,25 ppm/°C,150V,0805,2012,RT0805FRD07,https://www.trustedparts.com/en/search/RT0805FRD077K5L,Resistor
R_RT0805FRD078K2L,R,8.2 kΩ,resistor_footprints:R_0805_2012Metric,https://www.yageo.com/en/ProductSearch/PartNumberSearch?part_number=RT0805FRD078K2L,RES SMD 8.2 kΩ 1% 0805 150V,Yageo,RT0805FRD078K2L,1%,25 ppm/°C,150V,0805,2012,RT0805FRD07,https://www.trustedparts.com/en/search/RT0805FRD078K2L,Resistor
R_RT0805FRD079K1L,R,9.1 kΩ,resistor_footprints:R_0805_2012Metric,https://www.yageo.com/en/ProductSearch/PartNumberSearch?part_number=RT0805FRD079K1L,RES SMD 9.1 kΩ 1% 0805 150V,Yageo,RT0805FRD079K1L,1%,25 ppm/°C,150V,0805,2012,RT0805FRD07,https://www.trustedparts.com/en/search/RT0805FRD079K1L,Resistor
R_RT0805FRD0710KL,R,10 kΩ,resistor_footprints:R_0805_2012Metric,https://www.yageo.com/en/ProductSearch/PartNumberSearch?part_number=RT0805FRD0710KL,RES SMD 10 kΩ 1% 0805 150V,Yageo,RT0805FRD0710KL,1%,25 ppm/°C,150V,0805,2012,RT0805FRD07,https://www.trustedparts.com/en/search/RT0805FRD0710KL,Resistor
R_RT0805FRD0710K5L,R,10.5 kΩ,resistor_footprints:R_0805_2012Metric,https://www.yageo.com/en/ProductSearch/PartNumberSearch?part_number=RT0805FRD0710K5L,RES SMD 10.5 kΩ 1% 0805 150V,Yageo,RT0805FRD0710K5L,1%,25 ppm/°C,150V,0805,2012,RT0805FRD07,https://www.trustedparts.com/en/search/RT0805FRD0710K5L,Resistor
R_RT0805FRD0711KL,R,11 kΩ,resistor_footprints:R_0805_2012Metric,https://www.yageo.com/en/ProductSearch/PartNumberSearch?part_number=RT0805FRD0711KL,RES SMD 11 kΩ 1% 0805 150V,Yageo,RT0805FRD0711KL,1%,25 ppm/°C,150V,0805,2012,RT0805FRD07,https://www.trustedparts.com/en/search/RT0805FRD0711KL,Resistor
R_RT0805FRD0712KL,R,12 kΩ,resistor_footprints:R_0805_2012Metric,https://www.yageo.com/en/ProductSearch/PartNumberSearch?part_number=RT0805FRD0712KL,RES SMD 12 kΩ 1% 0805 150V,Yageo,RT0805FRD0712KL,1%,25 ppm/°C,150V,0805,2012,RT0805FRD07,https://www.trustedparts.com/en/search/RT0805FRD0712KL,Resistor
R_RT0805FRD0712K1L,R,12.1 kΩ,resistor_footprints:R_0805_2012Metric,https://www.yageo.com/en/ProductSearch/PartNumberSearch?part_number=RT0805FRD0712K1L,RES SMD 12.1 kΩ 1% 0805 150V,Yageo,RT0805FRD0712K1L,1%,25 ppm/°C,150V,0805,2012,RT0805FRD07,https://www.trustedparts.com/en/search/RT0805FRD0712K1L,Resistor
R_RT0805FRD0715KL,R,15 kΩ,resistor_footprints:R_0805_2012Metric,https://www.yageo.com/en/ProductSearch/PartNumberSearch?part_number=RT0805FRD0715KL,RES SMD 15 kΩ 1% 0805 150V,Yageo,RT0805FRD0715KL,1%,25 ppm/°C,150V,0805,2012,RT0805FRD07,https://www.trustedparts.com/en/search/RT0805FRD0715KL,Resistor
R_RT0805FRD0715K8L,R,15.8 kΩ,resistor_footprints:R_0805_2012Metric,https://www.yageo.com/en/ProductSearch/PartNumberSearch?part_number=RT0805FRD0715K8L,RES SMD 15.8 kΩ 1% 0805 150V,Yageo,RT0805FRD0715K8L,1%,25 ppm/°C,150V,0805,2012,RT0805FRD07,https://www.trustedparts.com/en/search/RT0805FRD0715K8L,Resistor
R_RT0805FRD0716KL,R,16 kΩ,resistor_footprints:R_0805_2012Metric,https://www.yageo.com/en/ProductSearch/PartNumberSearch?part_number=RT0805FRD0716KL,RES SMD 16 kΩ 1% 0805 150V,Yageo,RT0805FRD0716KL,1%,25 ppm/°C,150V,0805,2012,RT0805FRD07,https://www.trustedparts.com/en/search/RT0805FRD0716KL,Resistor
R_RT0805FRD0716K2L,R,16.2 kΩ,resistor_footprints:R_0805_2012Metric,https://www.yageo.com/en/ProductSearch/PartNumberSearch?part_number=RT0805FRD0716K2L,RES SMD 16.2 kΩ 1% 0805 150V,Yageo,RT0805FRD0716K2L,1%,25 ppm/°C,150V,0805,2012,RT0805FRD07,https://www.trustedparts.com/en/search/RT0805FRD0716K2L,Resistor
R_RT0805FRD0718KL,R,18 kΩ,resistor_footprints:R_0805_2012Metric,https://www.yageo.com/en/ProductSearch/PartNumberSearch?part_number=RT0805FRD0718KL,RES SMD 18 kΩ 1% 0805 150V,Yageo,RT0805FRD0718KL,1%,25 ppm/°C,150V,0805,2012,RT0805FRD07,https://www.trustedparts.com/en/search/RT0805FRD0718KL,Resistor
R_RT0805FRD0720KL,R,20 kΩ,resistor_footprints:R_0805_2012Metric,https://www.yageo.com/en/ProductSearch/PartNumberSearch?part_number=RT0805FRD0720KL,RES SMD 20 kΩ 1% 0805 150V,Yageo,RT0805FRD0720KL,1%,25 ppm/°C,150V,0805,2012,RT0805FRD07,https://www.trustedparts.com/en/search/RT0805FRD0720KL,Resistor
R_RT0805FRD0720K5L,R,20.5 kΩ,resistor_footprints:R_0805_2012Metric,https://www.yageo.com/en/ProductSearch/PartNumberSearch?part_number=RT0805FRD0720K5L,RES SMD 20.5 kΩ 1% 0805 150V,Yageo,RT0805FRD0720K5L,1%,25 ppm/°C,150V,0805,2012,RT0805FRD07,https://www.trustedparts.com/en/search/RT0805FRD0720K5L,Resistor
R_RT0805FRD0722KL,R,22 kΩ,resistor_footprints:R_0805_2012Metric,https://www.yageo.com/en/ProductSearch/PartNumberSearch?part_number=RT0805FRD0722KL,RES SMD 22 kΩ 1% 0805 150V,Yageo,RT0805FRD0722KL,1%,25 ppm/°C,150V,0805,2012,RT0805FRD07,https://www.trustedparts.com/en/search/RT0805FRD0722KL,Resistor
R_RT0805FRD0722K1L,R,22.1 kΩ,resistor_footprints:R_0805_2012Metric,https://www.yageo.com/en/ProductSearch/PartNumberSearch?part_number=RT0805FRD0722K1L,RES SMD 22.1 kΩ 1% 0805 150V,Yageo,RT0805FRD0722K1L,1%,25 ppm/°C,150V,0805,2012,RT0805FRD07,https://www.trustedparts.com/en/search/RT0805FRD0722K1L,Resistor
R_RT0805FRD0724KL,R,24 kΩ,resistor_footprints:R_0805_2012Metric,https://www.yageo.com/en/ProductSearch/PartNumberSearch?part_number=RT0805FRD0724KL,RES SMD 24 kΩ 1% 0805 150V,Yageo,RT0805FRD0724KL,1%,25 ppm/°C,150V,0805,2012,RT0805FRD07,https://www.trustedparts.com/en/search/RT0805FRD0724KL,Resistor
R_RT0805FRD0724K3L,R,24.3 kΩ,resistor_footprints:R_0805_2012Metric,https://www.yageo.com/en/ProductSearch/PartNumberSearch?part_number=RT0805FRD0724K3L,RES SMD 24.3 kΩ 1% 0805 150V,Yageo,RT0805FRD0724K3L,1%,25 ppm/°C,150V,0805,2012,RT0805FRD07,https://www.trustedparts.com/en/search/RT0805FRD0724K3L,Resistor
R_RT0805FRD0724K9L,R,24.9 kΩ,resistor_footprints:R_0805_2012Metric,https://www.yageo.com/en/ProductSearch/PartNumberSearch?part_number=RT0805FRD0724K9L,RES SMD 24.9 kΩ 1% 0805 150V,Yageo,RT0805FRD0724K9L,1%,25 ppm/°C,150V,0805,2012,RT0805FRD07,https://www.trustedparts.com/en/search/RT0805FRD0724K9L,Resistor
R_RT0805FRD0726K1L,R,26.1 kΩ,resistor_footprints:R_0805_2012Metric,https://www.yageo.com/en/ProductSearch/PartNumberSearch?part_number=RT0805FRD0726K1L,RES SMD 26.1 kΩ 1% 0805 150V,Yageo,RT0805FRD0726K1L,1%,25 ppm/°C,150V,0805,2012,RT0805FRD07,https://www.trustedparts.com/en/search/RT0805FRD0726K1L,Resistor
R_RT0805FRD0727KL,R,27 kΩ,resistor_footprints:R_0805_2012Metric,https://www.yageo.com/en/ProductSearch/PartNumberSearch?part_number=RT0805FRD0727KL,RES SMD 27 kΩ 1% 0805 150V,Yageo,RT0805FRD0727KL,1%,25 ppm/°C,150V,0805,2012,RT0805FRD07,https://www.trustedparts.com/en/search/RT0805FRD0727KL,Resistor
R_RT0805FRD0727K4L,R,27.4 kΩ,resistor_footprints:R_0805_2012Metric,https://www.yageo.com/en/ProductSearch/PartNumberSearch?part_number=RT0805FRD0727K4L,RES SMD 27.4 kΩ 1% 0805 150V,Yageo,RT0805FRD0727K4L,1%,25 ppm/°C,150V,0805,2012,RT0805FRD07,https://www.trustedparts.com/en/search/RT0805FRD0727K4L,Resistor
R_RT0805FRD0728KL,R,28 kΩ,resistor_footprints:R_0805_2012Metric,https://www.yageo.com/en/ProductSearch/PartNumberSearch?part_number=RT0805FRD0728KL,RES SMD 28 kΩ 1% 0805 150V,Yageo,RT0805FRD0728KL,1%,25 ppm/°C,150V,0805,2012,RT0805FRD07,https://www.trustedparts.com/en/search/RT0805FRD0728KL,Resistor
R_RT0805FRD0728K7L,R,28.7 kΩ,resistor_footprints:R_0805_2012Metric,https://www.yageo.com/en/ProductSearch/PartNumberSearch?part_number=RT0805FRD0728K7L,RES SMD 28.7 kΩ 1% 0805 150V,Yageo,RT0805FRD0728K7L,1%,25 ppm/°C,150V,0805,2012,RT0805FRD07,https://www.trustedparts.com/en/search/RT0805FRD0728K7L,Resistor
R_RT0805FRD0729K4L,R,29.4 kΩ,resistor_footprints:R_0805_2012Metric,https://www.yageo.com/en/ProductSearch/PartNumberSearch?part_number=RT0805FRD0729K4L,RES SMD 29.4 kΩ 1% 0805 150V,Yageo,RT0805FRD0729K4L,1%,25 ppm/°C,150V,0805,2012,RT0805FRD07,https://www.trustedparts.com/en/search/RT0805FRD0729K4L,Resistor
R_RT0805FRD0730KL,R,30 kΩ,resistor_footprints:R_0805_2012Metric,https://www.yageo.com/en/ProductSearch/PartNumberSearch?part_number=RT0805FRD0730KL,RES SMD 30 kΩ 1% 0805 150V,Yageo,RT0805FRD0730KL,1%,25 ppm/°C,150V,0805,2012,RT0805FRD07,https://www.trustedparts.com/en/search/RT0805FRD0730KL,Resistor
R_RT0805FRD0730K1L,R,30.1 kΩ,resistor_footprints:R_0805_2012Metric,https://www.yageo.com/en/ProductSearch/PartNumberSearch?part_number=RT0805FRD0730K1L,RES SMD 30.1 kΩ 1% 0805 150V,Yageo,RT0805FRD0730K1L,1%,25 ppm/°C,150V,0805,2012,RT0805FRD07,https://www.trustedparts.com/en/search/RT0805FRD0730K1L,Resistor
R_RT0805FRD0730K9L,R,30.9 kΩ,resistor_footprints:R_0805_2012Metric,https://www.yageo.com/en/ProductSearch/PartNumberSearch?part_number=RT0805FRD0730K9L,RES SMD 30.9 kΩ 1% 0805 150V,Yageo,RT0805FRD0730K9L,1%,25 ppm/°C,150V,0805,2012,RT0805FRD07,https://www.trustedparts.com/en/search/RT0805FRD0730K9L,Resistor
R_RT0805FRD0733KL,R,33 kΩ,resistor_footprints:R_0805_2012Metric,https://www.yageo.com/en/ProductSearch/PartNumberSearch?part_number=RT0805FRD0733KL,RES SMD 33 kΩ 1% 0805 150V,Yageo,RT0805FRD0733KL,1%,25 ppm/°C,150V,0805,2012,RT0805FRD07,https://www.trustedparts.com/en/search/RT0805FRD0733KL,Resistor
R_RT0805FRD0736KL,R,36 kΩ,resistor_footprints:R_0805_2012Metric,https://www.yageo.com/en/ProductSearch/PartNumberSearch?part_number=RT0805FRD0736KL,RES SMD 36 kΩ 1% 0805 150V,Yageo,RT0805FRD0736KL,1%,25 ppm/°C,150V,0805,2012,RT0805FRD07,https://www.trustedparts.com/en/search/RT0805FRD0736KL,Resistor
R_RT0805FRD0736K5L,R,36.5 kΩ,resistor_footprints:R_0805_2012Metric,https://www.yageo.com/en/ProductSearch/PartNumberSearch?part_number=RT0805FRD0736K5L,RES SMD 36.5 kΩ 1% 0805 150V,Yageo,RT0805FRD0736K5L,1%,25 ppm/°C,150V,0805,2012,RT0805FRD07,https://www.trustedparts.com/en/search/RT0805FRD0736K5L,Resistor
R_RT0805FRD0739KL,R,39 kΩ,resistor_footprints:R_0805_2012Metric,https://www.yageo.com/en/ProductSearch/PartNumberSearch?part_number=RT0805FRD0739KL,RES SMD 39 kΩ 1% 0805 150V,Yageo,RT0805FRD0739KL,1%,25 ppm/°C,150V,0805,2012,RT0805FRD07,https://www.trustedparts.com/en/search/RT0805FRD0739KL,Resistor
R_RT0805FRD0739K2L,R,39.2 kΩ,resistor_footprints:R_0805_2012Metric,https://www.yageo.com/en/ProductSearch/PartNumberSearch?part_number=RT0805FRD0739K2L,RES SMD 39.2 kΩ 1% 0805 150V,Yageo,RT0805FRD0739K2L,1%,25 ppm/°C,150V,0805,2012,RT0805FRD07,https://www.trustedparts.com/en/search/RT0805FRD0739K2L,Resistor
R_RT0805FRD0747KL,R,47 kΩ,resistor_footprints:R_0805_2012Metric,https://www.yageo.com/en/ProductSearch/PartNumberSearch?part_number=RT0805FRD0747KL,RES SMD 47 kΩ 1% 0805 150V,Yageo,RT0805FRD0747KL,1%,25 ppm/°C,150V,0805,2012,RT0805FRD07,https://www.trustedparts.com/en/search/RT0805FRD0747KL,Resistor
R_RT0805FRD0749K9L,R,49.9 kΩ,resistor_footprints:R_0805_2012Metric,https://www.yageo.com/en/ProductSearch/PartNumberSearch?part_number=RT0805FRD0749K9L,RES SMD 49.9 kΩ 1% 0805 150V,Yageo,RT0805FRD0749K9L,1%,25 ppm/°C,150V,0805,2012,RT0805FRD07,https://www.trustedparts.com/en/search/RT0805FRD0749K9L,Resistor
R_RT0805FRD0751KL,R,51 kΩ,resistor_footprints:R_0805_2012Metric,https://www.yageo.com/en/ProductSearch/PartNumberSearch?part_number=RT0805FRD0751KL,RES SMD 51 kΩ 1% 0805 150V,Yageo,RT0805FRD0751KL,1%,25 ppm/°C,150V,0805,2012,RT0805FRD07,https://www.trustedparts.com/en/search/RT0805FRD0751KL,Resistor
R_RT0805FRD0756KL,R,56 kΩ,resistor_footprints:R_0805_2012Metric,https://www.yageo.com/en/ProductSearch/PartNumberSearch?part_number=RT0805FRD0756KL,RES SMD 56 kΩ 1% 0805 150V,Yageo,RT0805FRD0756KL,1%,25 ppm/°C,150V,0805,2012,RT0805FRD07,https://www.trustedparts.com/en/search/RT0805FRD0756KL,Resistor
R_RT0805FRD0762KL,R,62 kΩ,resistor_footprints:R_0805_2012Metric,https://www.yageo.com/en/ProductSearch/PartNumberSearch?part_number=RT0805FRD0762KL,RES SMD 62 kΩ 1% 0805 150V,Yageo,RT0805FRD0762KL,1%,25 ppm/°C,150V,0805,2012,RT0805FRD07,https://www.trustedparts.com/en/search/RT0805FRD0762KL,Resistor
R_RT0805FRD0768KL,R,68 kΩ,resistor_footprints:R_0805_2012Metric,https://www.yageo.com/en/ProductSearch/PartNumberSearch?part_number=RT0805FRD0768KL,RES SMD 68 kΩ 1% 0805 150V,Yageo,RT0805FRD0768KL,1%,25 ppm/°C,150V,0805,2012,RT0805FRD07,https://www.trustedparts.com/en/search/RT0805FRD0768KL,Resistor
R_RT0805FRD0768K1L,R,68.1 kΩ,resistor_footprints:R_0805_2012Metric,https://www.yageo.com/en/ProductSearch/PartNumberSearch?part_number=RT0805FRD0768K1L,RES SMD 68.1 kΩ 1% 0805 150V,Yageo,RT0805FRD0768K1L,1%,25 ppm/°C,150V,0805,2012,RT0805FRD07,https://www.trustedparts.com/en/search/RT0805FRD0768K1L,Resistor
R_RT0805FRD0775KL,R,75 kΩ,resistor_footprints:R_0805_2012Metric,https://www.yageo.com/en/ProductSearch/PartNumberSearch?part_number=RT0805FRD0775KL,RES SMD 75 kΩ 1% 0805 150V,Yageo,RT0805FRD0775KL,1%,25 ppm/°C,150V,0805,2012,RT0805FRD07,https://www.trustedparts.com/en/search/RT0805FRD0775KL,Resistor
R_RT0805FRD0780K6L,R,80.6 kΩ,resistor_footprints:R_0805_2012Metric,https://www.yageo.com/en/ProductSearch/PartNumberSearch?part_number=RT0805FRD0780K6L,RES SMD 80.6 kΩ 1% 0805 150V,Yageo,RT0805FRD0780K6L,1%,25 ppm/°C,150V,0805,2012,RT0805FRD07,https://www.trustedparts.com/en/search/RT0805FRD0780K6L,Resistor
R_RT0805FRD0782K5L,R,82.5 kΩ,resistor_footprints:R_0805_2012Metric,https://www.yageo.com/en/ProductSearch/PartNumberSearch?part_number=RT0805FRD0782K5L,RES SMD 82.5 kΩ 1% 0805 150V,Yageo,RT0805FRD0782K5L,1%,25 ppm/°C,150V,0805,2012,RT0805FRD07,https://www.trustedparts.com/en/search/RT0805FRD0782K5L,Resistor
R_RT0805FRD07100KL,R,100 kΩ,resistor_footprints:R_0805_2012Metric,https://www.yageo.com/en/ProductSearch/PartNumberSearch?part_number=RT0805FRD07100KL,RES SMD 100 kΩ 1% 0805 150V,Yageo,RT0805FRD07100KL,1%,25 ppm/°C,150V,0805,2012,RT0805FRD07,https://www.trustedparts.com/en/search/RT0805FRD07100KL,Resistor
R_RT0805FRD07120KL,R,120 kΩ,resistor_footprints:R_0805_2012Metric,https://www.yageo.com/en/ProductSearch/PartNumberSearch?part_number=RT0805FRD07120KL,RES SMD 120 kΩ 1% 0805 150V,Yageo,RT0805FRD07120KL,1%,25 ppm/°C,150V,0805,2012,RT0805FRD07,https://www.trustedparts.com/en/search/RT0805FRD07120KL,Resistor
R_RT0805FRD07121KL,R,121 kΩ,resistor_footprints:R_0805_2012Metric,https://www.yageo.com/en/ProductSearch/PartNumberSearch?part_number=RT0805FRD07121KL,RES SMD 121 kΩ 1% 0805 150V,Yageo,RT0805FRD07121KL,1%,25 ppm/°C,150V,0805,2012,RT0805FRD07,https://www.trustedparts.com/en/search/RT0805FRD07121KL,Resistor
R_RT0805FRD07140KL,R,140 kΩ,resistor_footprints:R_0805_2012Metric,https://www.yageo.com/en/ProductSearch/PartNumberSearch?part_number=RT0805FRD07140KL,RES SMD 140 kΩ 1% 0805 150V,Yageo,RT0805FRD07140KL,1%,25 ppm/°C,150V,0805,2012,RT0805FRD07,https://www.trustedparts.com/en/search/RT0805FRD07140KL,Resistor
R_RT0805FRD07147KL,R,147 kΩ,resistor_footprints:R_0805_2012Metric,https://www.yageo.com/en/ProductSearch/PartNumberSearch?part_number=RT0805FRD07147KL,RES SMD 147 kΩ 1% 0805 150V,Yageo,RT0805FRD07147KL,1%,25 ppm/°C,150V,0805,2012,RT0805FRD07,https://www.trustedparts.com/en/search/RT0805FRD07147KL,Resistor
R_RT0805FRD07150KL,R,150 kΩ,resistor_footprints:R_0805_2012Metric,https://www.yageo.com/en/ProductSearch/PartNumberSearch?part_number=RT0805FRD07150KL,RES SMD 150 kΩ 1% 0805 150V,Yageo,RT0805FRD07150KL,1%,25 ppm/°C,150V,0805,2012,RT0805FRD07,https://www.trustedparts.com/en/search/RT0805FRD07150KL,Resistor
R_RT0805FRD07180KL,R,180 kΩ,resistor_footprints:R_0805_2012Metric,https://www.yageo.com/en/ProductSearch/PartNumberSearch?part_number=RT0805FRD07180KL,RES SMD 180 kΩ 1% 0805 150V,Yageo,RT0805FRD07180KL,1%,25 ppm/°C,150V,0805,2012,RT0805FRD07,https://www.trustedparts.com/en/search/RT0805FRD07180KL,Resistor
R_RT0805FRD07182KL,R,182 kΩ,resistor_footprints:R_0805_2012Metric,https://www.yageo.com/en/ProductSearch/PartNumberSearch?part_number=RT0805FRD07182KL,RES SMD 182 kΩ 1% 0805 150V,Yageo,RT0805FRD07182KL,1%,25 ppm/°C,150V,0805,2012,RT0805FRD07,https://www.trustedparts.com/en/search/RT0805FRD07182KL,Resistor
R_RT0805FRD07200KL,R,200 kΩ,resistor_footprints:R_0805_2012Metric,https://www.yageo.com/en/ProductSearch/PartNumberSearch?part_number=RT0805FRD07200KL,RES SMD 200 kΩ 1% 0805 150V,Yageo,RT0805FRD07200KL,1%,25 ppm/°C,150V,0805,2012,RT0805FRD07,https://www.trustedparts.com/en/search/RT0805FRD07200KL,Resistor
R_RT0805FRD07220KL,R,220 kΩ,resistor_footprints:R_0805_2012Metric,https://www.yageo.com/en/ProductSearch/PartNumberSearch?part_number=RT0805FRD07220KL,RES SMD 220 kΩ 1% 0805 150V,Yageo,RT0805FRD07220KL,1%,25 ppm/°C,150V,0805,2012,RT0805FRD07,https://www.trustedparts.com/en/search/RT0805FRD07220KL,Resistor
R_RT0805FRD07237KL,R,237 kΩ,resistor_footprints:R_0805_2012Metric,https://www.yageo.com/en/ProductSearch/PartNumberSearch?part_number=RT0805FRD07237KL,RES SMD 237 kΩ 1% 0805 150V,Yageo,RT0805FRD07237KL,1%,25 ppm/°C,150V,0805,2012,RT0805FRD07,https://www.trustedparts.com/en/search/RT0805FRD07237KL,Resistor
R_RT0805FRD07270KL,R,270 kΩ,resistor_footprints:R_0805_2012Metric,https://www.yageo.com/en/ProductSearch/PartNumberSearch?part_number=RT0805FRD07270KL,RES SMD 270 kΩ 1% 0805 150V,Yageo,RT0805FRD07270KL,1%,25 ppm/°C,150V,0805,2012,RT0805FRD07,https://www.trustedparts.com/en/search/RT0805FRD07270KL,Resistor
R_RT0805FRD07300KL,R,300 kΩ,resistor_footprints:R_0805_2012Metric,https://www.yageo.com/en/ProductSearch/PartNumberSearch?part_number=RT0805FRD07300KL,RES SMD 300 kΩ 1% 0805 150V,Yageo,RT0805FRD07300KL,1%,25 ppm/°C,150V,0805,2012,RT0805FRD07,https://www.trustedparts.com/en/search/RT0805FRD07300KL,Resistor
R_RT0805FRD07324KL,R,324 kΩ,resistor_footprints:R_0805_2012Metric,https://www.yageo.com/en/ProductSearch/PartNumberSearch?part_number=RT0805FRD07324KL,RES SMD 324 kΩ 1% 0805 150V,Yageo,RT0805FRD07324KL,1%,25 ppm/°C,150V,0805,2012,RT0805FRD07,https://www.trustedparts.com/en/search/RT0805FRD07324KL,Resistor
R_RT0805FRD07330KL,R,330 kΩ,resistor_footprints:R_0805_2012Metric,https://www.yageo.com/en/ProductSearch/PartNumberSearch?part_number=RT0805FRD07330KL,RES SMD 330 kΩ 1% 0805 150V,Yageo,RT0805FRD07330KL,1%,25 ppm/°C,150V,0805,2012,RT0805FRD07,https://www.trustedparts.com/en/search/RT0805FRD07330KL,Resistor
R_RT0805FRD07430KL,R,430 kΩ,resistor_footprints:R_0805_2012Metric,https://www.yageo.com/en/ProductSearch/PartNumberSearch?part_number=RT0805FRD07430KL,RES SMD 430 kΩ 1% 0805 150V,Yageo,RT0805FRD07430KL,1%,25 ppm/°C,150V,0805,2012,RT0805FRD07,https://www.trustedparts.com/en/search/RT0805FRD07430KL,Resistor
R_RT0805FRD07470KL,R,470 kΩ,resistor_footprints:R_0805_2012Metric,https://www.yageo.com/en/ProductSearch/PartNumberSearch?part_number=RT0805FRD07470KL,RES SMD 470 kΩ 1% 0805 150V,Yageo,RT0805FRD07470KL,1%,25 ppm/°C,150V,0805,2012,RT0805FRD07,https://www.trustedparts.com/en/search/RT0805FRD07470KL,Resistor
R_RT0805FRD07475KL,R,475 kΩ,resistor_footprints:R_0805_2012Metric,https://www.yageo.com/en/ProductSearch/PartNumberSearch?part_number=RT0805FRD07475KL,RES SMD 475 kΩ 1% 0805 150V,Yageo,RT0805FRD07475KL,1%,25 ppm/°C,150V,0805,2012,RT0805FRD07,https://www.trustedparts.com/en/search/RT0805FRD07475KL,Resistor
R_RT0805FRD07499KL,R,499 kΩ,resistor_footprints:R_0805_2012Metric,https://www.yageo.com/en/ProductSearch/PartNumberSearch?part_number=RT0805FRD07499KL,RES SMD 499 kΩ 1% 0805 150V,Yageo,RT0805FRD07499KL,1%,25 ppm/°C,150V,0805,2012,RT0805FRD07,https://www.trustedparts.com/en/search/RT0805FRD07499KL,Resistor
R_RT0805FRD07560KL,R,560 kΩ,resistor_footprints:R_0805_2012Metric,https://www.yageo.com/en/ProductSearch/PartNumberSearch?part_number=RT0805FRD07560KL,RES SMD 560 kΩ 1% 0805 150V,Yageo,RT0805FRD07560KL,1%,25 ppm/°C,150V,0805,2012,RT0805FRD07,https://www.trustedparts.com/en/search/RT0805FRD07560KL,Resistor
R_RT0805FRD07590KL,R,590 kΩ,resistor_footprints:R_0805_2012Metric,https://www.yageo.com/en/ProductSearch/PartNumberSearch?part_number=RT0805FRD07590KL,RES SMD 590 kΩ 1% 0805 150V,Yageo,RT0805FRD07590KL,1%,25 ppm/°C,150V,0805,2012,RT0805FRD07,https://www.trustedparts.com/en/search/RT0805FRD07590KL,Resistor
R_RT0805FRD07604KL,R,604 kΩ,resistor_footprints:R_0805_2012Metric,https://www.yageo.com/en/ProductSearch/PartNumberSearch?part_number=RT0805FRD07604KL,RES SMD 604 kΩ 1% 0805 150V,Yageo,RT0805FRD07604KL,1%,25 ppm/°C,150V,0805,2012,RT0805FRD07,https://www.trustedparts.com/en/search/RT0805FRD07604KL,Resistor
R_RT0805FRD07634KL,R,634 kΩ,resistor_footprints:R_0805_2012Metric,https://www.yageo.com/en/ProductSearch/PartNumberSearch?part_number=RT0805FRD07634KL,RES SMD 634 kΩ 1% 0805 150V,Yageo,RT0805FRD07634KL,1%,25 ppm/°C,150V,0805,2012,RT0805FRD07,https://www.trustedparts.com/en/search/RT0805FRD07634KL,Resistor
R_RT0805FRD07680KL,R,680 kΩ,resistor_footprints:R_0805_2012Metric,https://www.yageo.com/en/ProductSearch/PartNumberSearch?part_number=RT0805FRD07680KL,RES SMD 680 kΩ 1% 0805 150V,Yageo,RT0805FRD07680KL,1%,25 ppm/°C,150V,0805,2012,RT0805FRD07,https://www.trustedparts.com/en/search/RT0805FRD07680KL,Resistor
R_RT0805FRD07750KL,R,750 kΩ,resistor_footprints:R_0805_2012Metric,https://www.yageo.com/en/ProductSearch/PartNumberSearch?part_number=RT0805FRD07750KL,RES SMD 750 kΩ 1% 0805 150V,Yageo,RT0805FRD07750KL,1%,25 ppm/°C,150V,0805,2012,RT0805FRD07,https://www.trustedparts.com/en/search/RT0805FRD07750KL,Resistor
R_RT0805FRD07820KL,R,820 kΩ,resistor_footprints:R_0805_2012Metric,https://www.yageo.com/en/ProductSearch/PartNumberSearch?part_number=RT0805FRD07820KL,RES SMD 820 kΩ 1% 0805 150V,Yageo,RT0805FRD07820KL,1%,25 ppm/°C,150V,0805,2012,RT0805FRD07,https://www.trustedparts.com/en/search/RT0805FRD07820KL,Resistor
R_RT0805FRD07953KL,R,953 kΩ,resistor_footprints:R_0805_2012Metric,https://www.yageo.com/en/ProductSearch/PartNumberSearch?part_number=RT0805FRD07953KL,RES SMD 953 kΩ 1% 0805 150V,Yageo,RT0805FRD07953KL,1%,25 ppm/°C,150V,0805,2012,RT0805FRD07,https://www.trustedparts.com/en/search/RT0805FRD07953KL,Resistor
R_RT0805FRD071ML,R,1 MΩ,resistor_footprints:R_0805_2012Metric,https://www.yageo.com/en/ProductSearch/PartNumberSearch?part_number=RT0805FRD071ML,RES SMD 1 MΩ 1% 0805 150V,Yageo,RT0805FRD071ML,1%,25 ppm/°C,150V,0805,2012,RT0805FRD07,https://www.trustedparts.com/en/search/RT0805FRD071ML,Resistor
