Symbol Name,Reference,Value,Footprint,Datasheet,Description,Manufacturer,MPN,Dielectric,Tolerance,Voltage Rating,Case Code - in,Case Code - mm,Series,Trustedparts Search,Capacitor Type,3dviewer Link
C_CC0603JRNPO9BN8R0,C,8 pF,capacitor_footprints:C_0603_1608Metric,https://www.yageo.com/en/Chart/Download/pdf/CC0603JRNPO9BN8R0,CAP SMD 8 pF C0G (NP0) 5% 0603 50V,YAGEO,CC0603JRNPO9BN8R0,C0G (NP0),5%,50V,0603,1608,CC0603JRNPO9BN,https://www.trustedparts.com/en/search/CC0603JRNPO9BN8R0,Ceramic,https://3dviewer.net/index.html#model=https://github.com/ionutms/KiCAD_Symbols_Generator/blob/main/3D_models/C_0603.step
C_CC0603JRNPO9BN8R2,C,8.2 pF,capacitor_footprints:C_0603_1608Metric,https://www.yageo.com/en/Chart/Download/pdf/CC0603JRNPO9BN8R2,CAP SMD 8.2 pF C0G (NP0) 5% 0603 50V,YAGEO,CC0603JRNPO9BN8R2,C0G (NP0),5%,50V,0603,1608,CC0603JRNPO9BN,https://www.trustedparts.com/en/search/CC0603JRNPO9BN8R2,Ceramic,https://3dviewer.net/index.html#model=https://github.com/ionutms/KiCAD_Symbols_Generator/blob/main/3D_models/C_0603.step
C_CC0603JRNPO9BN100,C,10 pF,capacitor_footprints:C_0603_1608Metric,https://www.yageo.com/en/Chart/Download/pdf/CC0603JRNPO9BN100,CAP SMD 10 pF C0G (NP0) 5% 0603 50V,YAGEO,CC0603JRNPO9BN100,C0G (NP0),5%,50V,0603,1608,CC0603JRNPO9BN,https://www.trustedparts.com/en/search/CC0603JRNPO9BN100,Ceramic,https://3dviewer.net/index.html#model=https://github.com/ionutms/KiCAD_Symbols_Generator/blob/main/3D_models/C_0603.step
C_CC0603JRNPO9BN110,C,11 pF,capacitor_footprints:C_0603_1608Metric,https://www.yageo.com/en/Chart/Download/pdf/CC0603JRNPO9BN110,CAP SMD 11 pF C0G (NP0) 5% 0603 50V,YAGEO,CC0603JRNPO9BN110,C0G (NP0),5%,50V,0603,1608,CC0603JRNPO9BN,https://www.trustedparts.com/en/search/CC0603JRNPO9BN110,Ceramic,https://3dviewer.net/index.html#model=https://github.com/ionutms/KiCAD_Symbols_Generator/blob/main/3D_models/C_0603.step
C_CC0603JRNPO9BN120,C,12 pF,capacitor_footprints:C_0603_1608Metric,https://www.yageo.com/en/Chart/Download/pdf/CC0603JRNPO9BN120,CAP SMD 12 pF C0G (NP0) 5% 0603 50V,YAGEO,CC0603JRNPO9BN120,C0G (NP0),5%,50V,0603,1608,CC0603JRNPO9BN,https://www.trustedparts.com/en/search/CC0603JRNPO9BN120,Ceramic,https://3dviewer.net/index.html#model=https://github.com/ionutms/KiCAD_Symbols_Generator/blob/main/3D_models/C_0603.step
C_CC0603JRNPO9BN130,C,13 pF,capacitor_footprints:C_0603_1608Metric,https://www.yageo.com/en/Chart/Download/pdf/CC0603JRNPO9BN130,CAP SMD 13 pF C0G (NP0) 5% 0603 50V,YAGEO,CC0603JRNPO9BN130,C0G (NP0),5%,50V,0603,1608,CC0603JRNPO9BN,https://www.trustedparts.com/en/search/CC0603JRNPO9BN130,Ceramic,https://3dviewer.net/index.html#model=https://github.com/ionutms/KiCAD_Symbols_Generator/blob/main/3D_models/C_0603.step
C_CC0603JRNPO9BN150,C,15 pF,capacitor_footprints:C_0603_1608Metric,https://www.yageo.com/en/Chart/Download/pdf/CC0603JRNPO9BN150,CAP SMD 15 pF C0G (NP0) 5% 0603 50V,YAGEO,CC0603JRNPO9BN150,C0G (NP0),5%,50V,0603,1608,CC0603JRNPO9BN,https://www.trustedparts.com/en/search/CC0603JRNPO9BN150,Ceramic,https://3dviewer.net/index.html#model=https://github.com/ionutms/KiCAD_Symbols_Generator/blob/main/3D_models/C_0603.step
C_CC0603JRNPO9BN160,C,16 pF,capacitor_footprints:C_0603_1608Metric,https://www.yageo.com/en/Chart/Download/pdf/CC0603JRNPO9BN160,CAP SMD 16 pF C0G (NP0) 5% 0603 50V,YAGEO,CC0603JRNPO9BN160,C0G (NP0),5%,50V,0603,1608,CC0603JRNPO9BN,https://www.trustedparts.com/en/search/CC0603JRNPO9BN160,Ceramic,https://3dviewer.net/index.html#model=https://github.com/ionutms/KiCAD_Symbols_Generator/blob/main/3D_models/C_0603.step
C_CC0603JRNPO9BN180,C,18 pF,capacitor_footprints:C_0603_1608Metric,https://www.yageo.com/en/Chart/Download/pdf/CC0603JRNPO9BN180,CAP SMD 18 pF C0G (NP0) 5% 0603 50V,YAGEO,CC0603JRNPO9BN180,C0G (NP0),5%,50V,0603,1608,CC0603JRNPO9BN,https://www.trustedparts.com/en/search/CC0603JRNPO9BN180,Ceramic,https://3dviewer.net/index.html#model=https://github.com/ionutms/KiCAD_Symbols_Generator/blob/main/3D_models/C_0603.step
C_CC0603JRNPO9BN200,C,20 pF,capacitor_footprints:C_0603_1608Metric,https://www.yageo.com/en/Chart/Download/pdf/CC0603JRNPO9BN200,CAP SMD 20 pF C0G (NP0) 5% 0603 50V,YAGEO,CC0603JRNPO9BN200,C0G (NP0),5%,50V,0603,1608,CC0603JRNPO9BN,https://www.trustedparts.com/en/search/CC0603JRNPO9BN200,Ceramic,https://3dviewer.net/index.html#model=https://github.com/ionutms/KiCAD_Symbols_Generator/blob/main/3D_models/C_0603.step
C_CC0603JRNPO9BN220,C,22 pF,capacitor_footprints:C_0603_1608Metric,https://www.yageo.com/en/Chart/Download/pdf/CC0603JRNPO9BN220,CAP SMD 22 pF C0G (NP0) 5% 0603 50V,YAGEO,CC0603JRNPO9BN220,C0G (NP0),5%,50V,0603,1608,CC0603JRNPO9BN,https://www.trustedparts.com/en/search/CC0603JRNPO9BN220,Ceramic,https://3dviewer.net/index.html#model=https://github.com/ionutms/KiCAD_Symbols_Generator/blob/main/3D_models/C_0603.step
C_CC0603JRNPO9BN240,C,24 pF,capacitor_footprints:C_0603_1608Metric,https://www.yageo.com/en/Chart/Download/pdf/CC0603JRNPO9BN240,CAP SMD 24 pF C0G (NP0) 5% 0603 50V,YAGEO,CC0603JRNPO9BN240,C0G (NP0),5%,50V,0603,1608,CC0603JRNPO9BN,https://www.trustedparts.com/en/search/CC0603JRNPO9BN240,Ceramic,https://3dviewer.net/index.html#model=https://github.com/ionutms/KiCAD_Symbols_Generator/blob/main/3D_models/C_0603.step
C_CC0603JRNPO9BN250,C,25 pF,capacitor_footprints:C_0603_1608Metric,https://www.yageo.com/en/Chart/Download/pdf/CC0603JRNPO9BN250,CAP SMD 25 pF C0G (NP0) 5% 0603 50V,YAGEO,CC0603JRNPO9BN250,C0G (NP0),5%,50V,0603,1608,CC0603JRNPO9BN,https://www.trustedparts.com/en/search/CC0603JRNPO9BN250,Ceramic,https://3dviewer.net/index.html#model=https://github.com/ionutms/KiCAD_Symbols_Generator/blob/main/3D_models/C_0603.step
C_CC0603JRNPO9BN270,C,27 pF,capacitor_footprints:C_0603_1608Metric,https://www.yageo.com/en/Chart/Download/pdf/CC0603JRNPO9BN270,CAP SMD 27 pF C0G (NP0) 5% 0603 50V,YAGEO,CC0603JRNPO9BN270,C0G (NP0),5%,50V,0603,1608,CC0603JRNPO9BN,https://www.trustedparts.com/en/search/CC0603JRNPO9BN270,Ceramic,https://3dviewer.net/index.html#model=https://github.com/ionutms/KiCAD_Symbols_Generator/blob/main/3D_models/C_0603.step
C_CC0603JRNPO9BN300,C,30 pF,capacitor_footprints:C_0603_1608Metric,https://www.yageo.com/en/Chart/Download/pdf/CC0603JRNPO9BN300,CAP SMD 30 pF C0G (NP0) 5% 0603 50V,YAGEO,CC0603JRNPO9BN300,C0G (NP0),5%,50V,0603,1608,CC0603JRNPO9BN,https://www.trustedparts.com/en/search/CC0603JRNPO9BN300,Ceramic,https://3dviewer.net/index.html#model=https://github.com/ionutms/KiCAD_Symbols_Generator/blob/main/3D_models/C_0603.step
C_CC0603JRNPO9BN330,C,33 pF,capacitor_footprints:C_0603_1608Metric,https://www.yageo.com/en/Chart/Download/pdf/CC0603JRNPO9BN330,CAP SMD 33 pF C0G (NP0) 5% 0603 50V,YAGEO,CC0603JRNPO9BN330,C0G (NP0),5%,50V,0603,1608,CC0603JRNPO9BN,https://www.trustedparts.com/en/search/CC0603JRNPO9BN330,Ceramic,https://3dviewer.net/index.html#model=https://github.com/ionutms/KiCAD_Symbols_Generator/blob/main/3D_models/C_0603.step
C_CC0603JRNPO9BN360,C,36 pF,capacitor_footprints:C_0603_1608Metric,https://www.yageo.com/en/Chart/Download/pdf/CC0603JRNPO9BN360,CAP SMD 36 pF C0G (NP0) 5% 0603 50V,YAGEO,CC0603JRNPO9BN360,C0G (NP0),5%,50V,0603,1608,CC0603JRNPO9BN,https://www.trustedparts.com/en/search/CC0603JRNPO9BN360,Ceramic,https://3dviewer.net/index.html#model=https://github.com/ionutms/KiCAD_Symbols_Generator/blob/main/3D_models/C_0603.step
C_CC0603JRNPO9BN390,C,39 pF,capacitor_footprints:C_0603_1608Metric,https://www.yageo.com/en/Chart/Download/pdf/CC0603JRNPO9BN390,CAP SMD 39 pF C0G (NP0) 5% 0603 50V,YAGEO,CC0603JRNPO9BN390,C0G (NP0),5%,50V,0603,1608,CC0603JRNPO9BN,https://www.trustedparts.com/en/search/CC0603JRNPO9BN390,Ceramic,https://3dviewer.net/index.html#model=https://github.com/ionutms/KiCAD_Symbols_Generator/blob/main/3D_models/C_0603.step
C_CC0603JRNPO9BN430,C,43 pF,capacitor_footprints:C_0603_1608Metric,https://www.yageo.com/en/Chart/Download/pdf/CC0603JRNPO9BN430,CAP SMD 43 pF C0G (NP0) 5% 0603 50V,YAGEO,CC0603JRNPO9BN430,C0G (NP0),5%,50V,0603,1608,CC0603JRNPO9BN,https://www.trustedparts.com/en/search/CC0603JRNPO9BN430,Ceramic,https://3dviewer.net/index.html#model=https://github.com/ionutms/KiCAD_Symbols_Generator/blob/main/3D_models/C_0603.step
C_CC0603JRNPO9BN470,C,47 pF,capacitor_footprints:C_0603_1608Metric,https://www.yageo.com/en/Chart/Download/pdf/CC0603JRNPO9BN470,CAP SMD 47 pF C0G (NP0) 5% 0603 50V,YAGEO,CC0603JRNPO9BN470,C0G (NP0),5%,50V,0603,1608,CC0603JRNPO9BN,https://www.trustedparts.com/en/search/CC0603JRNPO9BN470,Ceramic,https://3dviewer.net/index.html#model=https://github.com/ionutms/KiCAD_Symbols_Generator/blob/main/3D_models/C_0603.step
C_CC0603JRNPO9BN510,C,51 pF,capacitor_footprints:C_0603_1608Metric,https://www.yageo.com/en/Chart/Download/pdf/CC0603JRNPO9BN510,CAP SMD 51 pF C0G (NP0) 5% 0603 50V,YAGEO,CC0603JRNPO9BN510,C0G (NP0),5%,50V,0603,1608,CC0603JRNPO9BN,https://www.trustedparts.com/en/search/CC0603JRNPO9BN510,Ceramic,https://3dviewer.net/index.html#model=https://github.com/ionutms/KiCAD_Symbols_Generator/blob/main/3D_models/C_0603.step
C_CC0603JRNPO9BN560,C,56 pF,capacitor_footprints:C_0603_1608Metric,https://www.yageo.com/en/Chart/Download/pdf/CC0603JRNPO9BN560,CAP SMD 56 pF C0G (NP0) 5% 0603 50V,YAGEO,CC0603JRNPO9BN560,C0G (NP0),5%,50V,0603,1608,CC0603JRNPO9BN,https://www.trustedparts.com/en/search/CC0603JRNPO9BN560,Ceramic,https://3dviewer.net/index.html#model=https://github.com/ionutms/KiCAD_Symbols_Generator/blob/main/3D_models/C_0603.step
C_CC0603JRNPO9BN620,C,62 pF,capacitor_footprints:C_0603_1608Metric,https://www.yageo.com/en/Chart/Download/pdf/CC0603JRNPO9BN620,CAP SMD 62 pF C0G (NP0) 5% 0603 50V,YAGEO,CC0603JRNPO9BN620,C0G (NP0),5%,50V,0603,1608,CC0603JRNPO9BN,https://www.trustedparts.com/en/search/CC0603JRNPO9BN620,Ceramic,https://3dviewer.net/index.html#model=https://github.com/ionutms/KiCAD_Symbols_Generator/blob/main/3D_models/C_0603.step
C_CC0603JRNPO9BN680,C,68 pF,capacitor_footprints:C_0603_1608Metric,https://www.yageo.com/en/Chart/Download/pdf/CC0603JRNPO9BN680,CAP SMD 68 pF C0G (NP0) 5% 0603 50V,YAGEO,CC0603JRNPO9BN680,C0G (NP0),5%,50V,0603,1608,CC0603JRNPO9BN,https://www.trustedparts.com/en/search/CC0603JRNPO9BN680,Ceramic,https://3dviewer.net/index.html#model=https://github.com/ionutms/KiCAD_Symbols_Generator/blob/main/3D_models/C_0603.step
C_CC0603JRNPO9BN750,C,75 pF,capacitor_footprints:C_0603_1608Metric,https://www.yageo.com/en/Chart/Download/pdf/CC0603JRNPO9BN750,CAP SMD 75 pF C0G (NP0) 5% 0603 50V,YAGEO,CC0603JRNPO9BN750,C0G (NP0),5%,50V,0603,1608,CC0603JRNPO9BN,https://www.trustedparts.com/en/search/CC0603JRNPO9BN750,Ceramic,https://3dviewer.net/index.html#model=https://github.com/ionutms/KiCAD_Symbols_Generator/blob/main/3D_models/C_0603.step
C_CC0603JRNPO9BN820,C,82 pF,capacitor_footprints:C_0603_1608Metric,https://www.yageo.com/en/Chart/Download/pdf/CC0603JRNPO9BN820,CAP SMD 82 pF C0G (NP0) 5% 0603 50V,YAGEO,CC0603JRNPO9BN820,C0G (NP0),5%,50V,0603,1608,CC0603JRNPO9BN,https://www.trustedparts.com/en/search/CC0603JRNPO9BN820,Ceramic,https://3dviewer.net/index.html#model=https://github.com/ionutms/KiCAD_Symbols_Generator/blob/main/3D_models/C_0603.step
C_CC0603JRNPO9BN910,C,91 pF,capacitor_footprints:C_0603_1608Metric,https://www.yageo.com/en/Chart/Download/pdf/CC0603JRNPO9BN910,CAP SMD 91 pF C0G (NP0) 5% 0603 50V,YAGEO,CC0603JRNPO9BN910,C0G (NP0),5%,50V,0603,1608,CC0603JRNPO9BN,https://www.trustedparts.com/en/search/CC0603JRNPO9BN910,Ceramic,https://3dviewer.net/index.html#model=https://github.com/ionutms/KiCAD_Symbols_Generator/blob/main/3D_models/C_0603.step
C_CC0603JRNPO9BN101,C,100 pF,capacitor_footprints:C_0603_1608Metric,https://www.yageo.com/en/Chart/Download/pdf/CC0603JRNPO9BN101,CAP SMD 100 pF C0G (NP0) 5% 0603 50V,YAGEO,CC0603JRNPO9BN101,C0G (NP0),5%,50V,0603,1608,CC0603JRNPO9BN,https://www.trustedparts.com/en/search/CC0603JRNPO9BN101,Ceramic,https://3dviewer.net/index.html#model=https://github.com/ionutms/KiCAD_Symbols_Generator/blob/main/3D_models/C_0603.step
C_CC0603JRNPO9BN111,C,110 pF,capacitor_footprints:C_0603_1608Metric,https://www.yageo.com/en/Chart/Download/pdf/CC0603JRNPO9BN111,CAP SMD 110 pF C0G (NP0) 5% 0603 50V,YAGEO,CC0603JRNPO9BN111,C0G (NP0),5%,50V,0603,1608,CC0603JRNPO9BN,https://www.trustedparts.com/en/search/CC0603JRNPO9BN111,Ceramic,https://3dviewer.net/index.html#model=https://github.com/ionutms/KiCAD_Symbols_Generator/blob/main/3D_models/C_0603.step
C_CC0603JRNPO9BN121,C,120 pF,capacitor_footprints:C_0603_1608Metric,https://www.yageo.com/en/Chart/Download/pdf/CC0603JRNPO9BN121,CAP SMD 120 pF C0G (NP0) 5% 0603 50V,YAGEO,CC0603JRNPO9BN121,C0G (NP0),5%,50V,0603,1608,CC0603JRNPO9BN,https://www.trustedparts.com/en/search/CC0603JRNPO9BN121,Ceramic,https://3dviewer.net/index.html#model=https://github.com/ionutms/KiCAD_Symbols_Generator/blob/main/3D_models/C_0603.step
C_CC0603JRNPO9BN131,C,130 pF,capacitor_footprints:C_0603_1608Metric,https://www.yageo.com/en/Chart/Download/pdf/CC0603JRNPO9BN131,CAP SMD 130 pF C0G (NP0) 5% 0603 50V,YAGEO,CC0603JRNPO9BN131,C0G (NP0),5%,50V,0603,1608,CC0603JRNPO9BN,https://www.trustedparts.com/en/search/CC0603JRNPO9BN131,Ceramic,https://3dviewer.net/index.html#model=https://github.com/ionutms/KiCAD_Symbols_Generator/blob/main/3D_models/C_0603.step
C_CC0603JRNPO9BN151,C,150 pF,capacitor_footprints:C_0603_1608Metric,https://www.yageo.com/en/Chart/Download/pdf/CC0603JRNPO9BN151,CAP SMD 150 pF C0G (NP0) 5% 0603 50V,YAGEO,CC0603JRNPO9BN151,C0G (NP0),5%,50V,0603,1608,CC0603JRNPO9BN,https://www.trustedparts.com/en/search/CC0603JRNPO9BN151,Ceramic,https://3dviewer.net/index.html#model=https://github.com/ionutms/KiCAD_Symbols_Generator/blob/main/3D_models/C_0603.step
C_CC0603JRNPO9BN161,C,160 pF,capacitor_footprints:C_0603_1608Metric,https://www.yageo.com/en/Chart/Download/pdf/CC0603JRNPO9BN161,CAP SMD 160 pF C0G (NP0) 5% 0603 50V,YAGEO,CC0603JRNPO9BN161,C0G (NP0),5%,50V,0603,1608,CC0603JRNPO9BN,https://www.trustedparts.com/en/search/CC0603JRNPO9BN161,Ceramic,https://3dviewer.net/index.html#model=https://github.com/ionutms/KiCAD_Symbols_Generator/blob/main/3D_models/C_0603.step
C_CC0603JRNPO9BN181,C,180 pF,capacitor_footprints:C_0603_1608Metric,https://www.yageo.com/en/Chart/Download/pdf/CC0603JRNPO9BN181,CAP SMD 180 pF C0G (NP0) 5% 0603 50V,YAGEO,CC0603JRNPO9BN181,C0G (NP0),5%,50V,0603,1608,CC0603JRNPO9BN,https://www.trustedparts.com/en/search/CC0603JRNPO9BN181,Ceramic,https://3dviewer.net/index.html#model=https://github.com/ionutms/KiCAD_Symbols_Generator/blob/main/3D_models/C_0603.step
C_CC0603JRNPO9BN201,C,200 pF,capacitor_footprints:C_0603_1608Metric,https://www.yageo.com/en/Chart/Download/pdf/CC0603JRNPO9BN201,CAP SMD 200 pF C0G (NP0) 5% 0603 50V,YAGEO,CC0603JRNPO9BN201,C0G (NP0),5%,50V,0603,1608,CC0603JRNPO9BN,https://www.trustedparts.com/en/search/CC0603JRNPO9BN201,Ceramic,https://3dviewer.net/index.html#model=https://github.com/ionutms/KiCAD_Symbols_Generator/blob/main/3D_models/C_0603.step
C_CC0603JRNPO9BN221,C,220 pF,capacitor_footprints:C_0603_1608Metric,https://www.yageo.com/en/Chart/Download/pdf/CC0603JRNPO9BN221,CAP SMD 220 pF C0G (NP0) 5% 0603 50V,YAGEO,CC0603JRNPO9BN221,C0G (NP0),5%,50V,0603,1608,CC0603JRNPO9BN,https://www.trustedparts.com/en/search/CC0603JRNPO9BN221,Ceramic,https://3dviewer.net/index.html#model=https://github.com/ionutms/KiCAD_Symbols_Generator/blob/main/3D_models/C_0603.step
C_CC0603JRNPO9BN241,C,240 pF,capacitor_footprints:C_0603_1608Metric,https://www.yageo.com/en/Chart/Download/pdf/CC0603JRNPO9BN241,CAP SMD 240 pF C0G (NP0) 5% 0603 50V,YAGEO,CC0603JRNPO9BN241,C0G (NP0),5%,50V,0603,1608,CC0603JRNPO9BN,https://www.trustedparts.com/en/search/CC0603JRNPO9BN241,Ceramic,https://3dviewer.net/index.html#model=https://github.com/ionutms/KiCAD_Symbols_Generator/blob/main/3D_models/C_0603.step
C_CC0603JRNPO9BN271,C,270 pF,capacitor_footprints:C_0603_1608Metric,https://www.yageo.com/en/Chart/Download/pdf/CC0603JRNPO9BN271,CAP SMD 270 pF C0G (NP0) 5% 0603 50V,YAGEO,CC0603JRNPO9BN271,C0G (NP0),5%,50V,0603,1608,CC0603JRNPO9BN,https://www.trustedparts.com/en/search/CC0603JRNPO9BN271,Ceramic,https://3dviewer.net/index.html#model=https://github.com/ionutms/KiCAD_Symbols_Generator/blob/main/3D_models/C_0603.step
C_CC0603JRNPO9BN301,C,300 pF,capacitor_footprints:C_0603_1608Metric,https://www.yageo.com/en/Chart/Download/pdf/CC0603JRNPO9BN301,CAP SMD 300 pF C0G (NP0) 5% 0603 50V,YAGEO,CC0603JRNPO9BN301,C0G (NP0),5%,50V,0603,1608,CC0603JRNPO9BN,https://www.trustedparts.com/en/search/CC0603JRNPO9BN301,Ceramic,https://3dviewer.net/index.html#model=https://github.com/ionutms/KiCAD_Symbols_Generator/blob/main/3D_models/C_0603.step
C_CC0603JRNPO9BN331,C,330 pF,capacitor_footprints:C_0603_1608Metric,https://www.yageo.com/en/Chart/Download/pdf/CC0603JRNPO9BN331,CAP SMD 330 pF C0G (NP0) 5% 0603 50V,YAGEO,CC0603JRNPO9BN331,C0G (NP0),5%,50V,0603,1608,CC0603JRNPO9BN,https://www.trustedparts.com/en/search/CC0603JRNPO9BN331,Ceramic,https://3dviewer.net/index.html#model=https://github.com/ionutms/KiCAD_Symbols_Generator/blob/main/3D_models/C_0603.step
C_CC0603JRNPO9BN361,C,360 pF,capacitor_footprints:C_0603_1608Metric,https://www.yageo.com/en/Chart/Download/pdf/CC0603JRNPO9BN361,CAP SMD 360 pF C0G (NP0) 5% 0603 50V,YAGEO,CC0603JRNPO9BN361,C0G (NP0),5%,50V,0603,1608,CC0603JRNPO9BN,https://www.trustedparts.com/en/search/CC0603JRNPO9BN361,Ceramic,https://3dviewer.net/index.html#model=https://github.com/ionutms/KiCAD_Symbols_Generator/blob/main/3D_models/C_0603.step
C_CC0603JRNPO9BN391,C,390 pF,capacitor_footprints:C_0603_1608Metric,https://www.yageo.com/en/Chart/Download/pdf/CC0603JRNPO9BN391,CAP SMD 390 pF C0G (NP0) 5% 0603 50V,YAGEO,CC0603JRNPO9BN391,C0G (NP0),5%,50V,0603,1608,CC0603JRNPO9BN,https://www.trustedparts.com/en/search/CC0603JRNPO9BN391,Ceramic,https://3dviewer.net/index.html#model=https://github.com/ionutms/KiCAD_Symbols_Generator/blob/main/3D_models/C_0603.step
C_CC0603JRNPO9BN431,C,430 pF,capacitor_footprints:C_0603_1608Metric,https://www.yageo.com/en/Chart/Download/pdf/CC0603JRNPO9BN431,CAP SMD 430 pF C0G (NP0) 5% 0603 50V,YAGEO,CC0603JRNPO9BN431,C0G (NP0),5%,50V,0603,1608,CC0603JRNPO9BN,https://www.trustedparts.com/en/search/CC0603JRNPO9BN431,Ceramic,https://3dviewer.net/index.html#model=https://github.com/ionutms/KiCAD_Symbols_Generator/blob/main/3D_models/C_0603.step
C_CC0603JRNPO9BN471,C,470 pF,capacitor_footprints:C_0603_1608Metric,https://www.yageo.com/en/Chart/Download/pdf/CC0603JRNPO9BN471,CAP SMD 470 pF C0G (NP0) 5% 0603 50V,YAGEO,CC0603JRNPO9BN471,C0G (NP0),5%,50V,0603,1608,CC0603JRNPO9BN,https://www.trustedparts.com/en/search/CC0603JRNPO9BN471,Ceramic,https://3dviewer.net/index.html#model=https://github.com/ionutms/KiCAD_Symbols_Generator/blob/main/3D_models/C_0603.step
C_CC0603JRNPO9BN501,C,500 pF,capacitor_footprints:C_0603_1608Metric,https://www.yageo.com/en/Chart/Download/pdf/CC0603JRNPO9BN501,CAP SMD 500 pF C0G (NP0) 5% 0603 50V,YAGEO,CC0603JRNPO9BN501,C0G (NP0),5%,50V,0603,1608,CC0603JRNPO9BN,https://www.trustedparts.com/en/search/CC0603JRNPO9BN501,Ceramic,https://3dviewer.net/index.html#model=https://github.com/ionutms/KiCAD_Symbols_Generator/blob/main/3D_models/C_0603.step
C_CC0603JRNPO9BN511,C,510 pF,capacitor_footprints:C_0603_1608Metric,https://www.yageo.com/en/Chart/Download/pdf/CC0603JRNPO9BN511,CAP SMD 510 pF C0G (NP0) 5% 0603 50V,YAGEO,CC0603JRNPO9BN511,C0G (NP0),5%,50V,0603,1608,CC0603JRNPO9BN,https://www.trustedparts.com/en/search/CC0603JRNPO9BN511,Ceramic,https://3dviewer.net/index.html#model=https://github.com/ionutms/KiCAD_Symbols_Generator/blob/main/3D_models/C_0603.step
C_CC0603JRNPO9BN561,C,560 pF,capacitor_footprints:C_0603_1608Metric,https://www.yageo.com/en/Chart/Download/pdf/CC0603JRNPO9BN561,CAP SMD 560 pF C0G (NP0) 5% 0603 50V,YAGEO,CC0603JRNPO9BN561,C0G (NP0),5%,50V,0603,1608,CC0603JRNPO9BN,https://www.trustedparts.com/en/search/CC0603JRNPO9BN561,Ceramic,https://3dviewer.net/index.html#model=https://github.com/ionutms/KiCAD_Symbols_Generator/blob/main/3D_models/C_0603.step
C_CC0603JRNPO9BN621,C,620 pF,capacitor_footprints:C_0603_1608Metric,https://www.yageo.com/en/Chart/Download/pdf/CC0603JRNPO9BN621,CAP SMD 620 pF C0G (NP0) 5% 0603 50V,YAGEO,CC0603JRNPO9BN621,C0G (NP0),5%,50V,0603,1608,CC0603JRNPO9BN,https://www.trustedparts.com/en/search/CC0603JRNPO9BN621,Ceramic,https://3dviewer.net/index.html#model=https://github.com/ionutms/KiCAD_Symbols_Generator/blob/main/3D_models/C_0603.step
C_CC0603JRNPO9BN681,C,680 pF,capacitor_footprints:C_0603_1608Metric,https://www.yageo.com/en/Chart/Download/pdf/CC0603JRNPO9BN681,CAP SMD 680 pF C0G (NP0) 5% 0603 50V,YAGEO,CC0603JRNPO9BN681,C0G (NP0),5%,50V,0603,1608,CC0603JRNPO9BN,https://www.trustedparts.com/en/search/CC0603JRNPO9BN681,Ceramic,https://3dviewer.net/index.html#model=https://github.com/ionutms/KiCAD_Symbols_Generator/blob/main/3D_models/C_0603.step
C_CC0603JRNPO9BN751,C,750 pF,capacitor_footprints:C_0603_1608Metric,https://www.yageo.com/en/Chart/Download/pdf/CC0603JRNPO9BN751,CAP SMD 750 pF C0G (NP0) 5% 0603 50V,YAGEO,CC0603JRNPO9BN751,C0G (NP0),5%,50V,0603,1608,CC0603JRNPO9BN,https://www.trustedparts.com/en/search/CC0603JRNPO9BN751,Ceramic,https://3dviewer.net/index.html#model=https://github.com/ionutms/KiCAD_Symbols_Generator/blob/main/3D_models/C_0603.step
C_CC0603JRNPO9BN821,C,820 pF,capacitor_footprints:C_0603_1608Metric,https://www.yageo.com/en/Chart/Download/pdf/CC0603JRNPO9BN821,CAP SMD 820 pF C0G (NP0) 5% 0603 50V,YAGEO,CC0603JRNPO9BN821,C0G (NP0),5%,50V,0603,1608,CC0603JRNPO9BN,https://www.trustedparts.com/en/search/CC0603JRNPO9BN821,Ceramic,https://3dviewer.net/index.html#model=https://github.com/ionutms/KiCAD_Symbols_Generator/blob/main/3D_models/C_0603.step
C_CC0603JRNPO9BN102,C,1 nF,capacitor_footprints:C_0603_1608Metric,https://www.yageo.com/en/Chart/Download/pdf/CC0603JRNPO9BN102,CAP SMD 1 nF C0G (NP0) 5% 0603 50V,YAGEO,CC0603JRNPO9BN102,C0G (NP0),5%,50V,0603,1608,CC0603JRNPO9BN,https://www.trustedparts.com/en/search/CC0603JRNPO9BN102,Ceramic,https://3dviewer.net/index.html#model=https://github.com/ionutms/KiCAD_Symbols_Generator/blob/main/3D_models/C_0603.step
C_CC0603JRNPO9BN122,C,1.2 nF,capacitor_footprints:C_0603_1608Metric,https://www.yageo.com/en/Chart/Download/pdf/CC0603JRNPO9BN122,CAP SMD 1.2 nF C0G (NP0) 5% 0603 50V,YAGEO,CC0603JRNPO9BN122,C0G (NP0),5%,50V,0603,1608,CC0603JRNPO9BN,https://www.trustedparts.com/en/search/CC0603JRNPO9BN122,Ceramic,https://3dviewer.net/index.html#model=https://github.com/ionutms/KiCAD_Symbols_Generator/blob/main/3D_models/C_0603.step
C_CC0603JRNPO9BN152,C,1.5 nF,capacitor_footprints:C_0603_1608Metric,https://www.yageo.com/en/Chart/Download/pdf/CC0603JRNPO9BN152,CAP SMD 1.5 nF C0G (NP0) 5% 0603 50V,YAGEO,CC0603JRNPO9BN152,C0G (NP0),5%,50V,0603,1608,CC0603JRNPO9BN,https://www.trustedparts.com/en/search/CC0603JRNPO9BN152,Ceramic,https://3dviewer.net/index.html#model=https://github.com/ionutms/KiCAD_Symbols_Generator/blob/main/3D_models/C_0603.step
C_CC0603JRNPO9BN182,C,1.8 nF,capacitor_footprints:C_0603_1608Metric,https://www.yageo.com/en/Chart/Download/pdf/CC0603JRNPO9BN182,CAP SMD 1.8 nF C0G (NP0) 5% 0603 50V,YAGEO,CC0603JRNPO9BN182,C0G (NP0),5%,50V,0603,1608,CC0603JRNPO9BN,https://www.trustedparts.com/en/search/CC0603JRNPO9BN182,Ceramic,https://3dviewer.net/index.html#model=https://github.com/ionutms/KiCAD_Symbols_Generator/blob/main/3D_models/C_0603.step
C_CC0603JRNPO9BN222,C,2.2 nF,capacitor_footprints:C_0603_1608Metric,https://www.yageo.com/en/Chart/Download/pdf/CC0603JRNPO9BN222,CAP SMD 2.2 nF C0G (NP0) 5% 0603 50V,YAGEO,CC0603JRNPO9BN222,C0G (NP0),5%,50V,0603,1608,CC0603JRNPO9BN,https://www.trustedparts.com/en/search/CC0603JRNPO9BN222,Ceramic,https://3dviewer.net/index.html#model=https://github.com/ionutms/KiCAD_Symbols_Generator/blob/main/3D_models/C_0603.step
C_CC0603JRNPO9BN272,C,2.7 nF,capacitor_footprints:C_0603_1608Metric,https://www.yageo.com/en/Chart/Download/pdf/CC0603JRNPO9BN272,CAP SMD 2.7 nF C0G (NP0) 5% 0603 50V,YAGEO,CC0603JRNPO9BN272,C0G (NP0),5%,50V,0603,1608,CC0603JRNPO9BN,https://www.trustedparts.com/en/search/CC0603JRNPO9BN272,Ceramic,https://3dviewer.net/index.html#model=https://github.com/ionutms/KiCAD_Symbols_Generator/blob/main/3D_models/C_0603.step
C_CC0603JRNPO9BN332,C,3.3 nF,capacitor_footprints:C_0603_1608Metric,https://www.yageo.com/en/Chart/Download/pdf/CC0603JRNPO9BN332,CAP SMD 3.3 nF C0G (NP0) 5% 0603 50V,YAGEO,CC0603JRNPO9BN332,C0G (NP0),5%,50V,0603,1608,CC0603JRNPO9BN,https://www.trustedparts.com/en/search/CC0603JRNPO9BN332,Ceramic,https://3dviewer.net/index.html#model=https://github.com/ionutms/KiCAD_Symbols_Generator/blob/main/3D_models/C_0603.step
C_CC0603JRNPO9BN472,C,4.7 nF,capacitor_footprints:C_0603_1608Metric,https://www.yageo.com/en/Chart/Download/pdf/CC0603JRNPO9BN472,CAP SMD 4.7 nF C0G (NP0) 5% 0603 50V,YAGEO,CC0603JRNPO9BN472,C0G (NP0),5%,50V,0603,1608,CC0603JRNPO9BN,https://www.trustedparts.com/en/search/CC0603JRNPO9BN472,Ceramic,https://3dviewer.net/index.html#model=https://github.com/ionutms/KiCAD_Symbols_Generator/blob/main/3D_models/C_0603.step
C_CC0603JRNPO9BN103,C,10 nF,capacitor_footprints:C_0603_1608Metric,https://www.yageo.com/en/Chart/Download/pdf/CC0603JRNPO9BN103,CAP SMD 10 nF C0G (NP0) 5% 0603 50V,YAGEO,CC0603JRNPO9BN103,C0G (NP0),5%,50V,0603,1608,CC0603JRNPO9BN,https://www.trustedparts.com/en/search/CC0603JRNPO9BN103,Ceramic,https://3dviewer.net/index.html#model=https://github.com/ionutms/KiCAD_Symbols_Generator/blob/main/3D_models/C_0603.step
