Symbol Name,Reference,Value,Footprint,Datasheet,Description,Manufacturer,MPN,Tolerance,Temperature Coefficient,Voltage Rating,Case Code - in,Case Code - mm,Series,Trustedparts Search
R_RT0805CRE071R2L,R,1.02 Ω,resistor_footprints:R_0805_2012Metric,https://www.yageo.com/en/ProductSearch/PartNumberSearch?part_number=RT0805CRE071R2L,RES SMD 1.02 Ω 0.25% 0805 150V,Yageo,RT0805CRE071R2L,0.25%,50 ppm/°C,150V,0805,2012,RT0805CRE07,https://www.trustedparts.com/en/search/RT0805CRE071R2L
R_RT0805CRE071R5L,R,1.05 Ω,resistor_footprints:R_0805_2012Metric,https://www.yageo.com/en/ProductSearch/PartNumberSearch?part_number=RT0805CRE071R5L,RES SMD 1.05 Ω 0.25% 0805 150V,Yageo,RT0805CRE071R5L,0.25%,50 ppm/°C,150V,0805,2012,RT0805CRE07,https://www.trustedparts.com/en/search/RT0805CRE071R5L
R_RT0805CRE073R9L,R,3.09 Ω,resistor_footprints:R_0805_2012Metric,https://www.yageo.com/en/ProductSearch/PartNumberSearch?part_number=RT0805CRE073R9L,RES SMD 3.09 Ω 0.25% 0805 150V,Yageo,RT0805CRE073R9L,0.25%,50 ppm/°C,150V,0805,2012,RT0805CRE07,https://www.trustedparts.com/en/search/RT0805CRE073R9L
R_RT0805CRE076R8L,R,6.8 Ω,resistor_footprints:R_0805_2012Metric,https://www.yageo.com/en/ProductSearch/PartNumberSearch?part_number=RT0805CRE076R8L,RES SMD 6.8 Ω 0.25% 0805 150V,Yageo,RT0805CRE076R8L,0.25%,50 ppm/°C,150V,0805,2012,RT0805CRE07,https://www.trustedparts.com/en/search/RT0805CRE076R8L
R_RT0805CRE078R2L,R,8.2 Ω,resistor_footprints:R_0805_2012Metric,https://www.yageo.com/en/ProductSearch/PartNumberSearch?part_number=RT0805CRE078R2L,RES SMD 8.2 Ω 0.25% 0805 150V,Yageo,RT0805CRE078R2L,0.25%,50 ppm/°C,150V,0805,2012,RT0805CRE07,https://www.trustedparts.com/en/search/RT0805CRE078R2L
R_RT0805CRE0718RL,R,18 Ω,resistor_footprints:R_0805_2012Metric,https://www.yageo.com/en/ProductSearch/PartNumberSearch?part_number=RT0805CRE0718RL,RES SMD 18 Ω 0.25% 0805 150V,Yageo,RT0805CRE0718RL,0.25%,50 ppm/°C,150V,0805,2012,RT0805CRE07,https://www.trustedparts.com/en/search/RT0805CRE0718RL
R_RT0805CRE0724R9L,R,24.9 Ω,resistor_footprints:R_0805_2012Metric,https://www.yageo.com/en/ProductSearch/PartNumberSearch?part_number=RT0805CRE0724R9L,RES SMD 24.9 Ω 0.25% 0805 150V,Yageo,RT0805CRE0724R9L,0.25%,50 ppm/°C,150V,0805,2012,RT0805CRE07,https://www.trustedparts.com/en/search/RT0805CRE0724R9L
R_RT0805CRE0736RL,R,36 Ω,resistor_footprints:R_0805_2012Metric,https://www.yageo.com/en/ProductSearch/PartNumberSearch?part_number=RT0805CRE0736RL,RES SMD 36 Ω 0.25% 0805 150V,Yageo,RT0805CRE0736RL,0.25%,50 ppm/°C,150V,0805,2012,RT0805CRE07,https://www.trustedparts.com/en/search/RT0805CRE0736RL
R_RT0805CRE0760R4L,R,60.4 Ω,resistor_footprints:R_0805_2012Metric,https://www.yageo.com/en/ProductSearch/PartNumberSearch?part_number=RT0805CRE0760R4L,RES SMD 60.4 Ω 0.25% 0805 150V,Yageo,RT0805CRE0760R4L,0.25%,50 ppm/°C,150V,0805,2012,RT0805CRE07,https://www.trustedparts.com/en/search/RT0805CRE0760R4L
R_RT0805CRE0775RL,R,75 Ω,resistor_footprints:R_0805_2012Metric,https://www.yageo.com/en/ProductSearch/PartNumberSearch?part_number=RT0805CRE0775RL,RES SMD 75 Ω 0.25% 0805 150V,Yageo,RT0805CRE0775RL,0.25%,50 ppm/°C,150V,0805,2012,RT0805CRE07,https://www.trustedparts.com/en/search/RT0805CRE0775RL
R_RT0805CRE07100RL,R,100 Ω,resistor_footprints:R_0805_2012Metric,https://www.yageo.com/en/ProductSearch/PartNumberSearch?part_number=RT0805CRE07100RL,RES SMD 100 Ω 0.25% 0805 150V,Yageo,RT0805CRE07100RL,0.25%,50 ppm/°C,150V,0805,2012,RT0805CRE07,https://www.trustedparts.com/en/search/RT0805CRE07100RL
R_RT0805CRE07110RL,R,110 Ω,resistor_footprints:R_0805_2012Metric,https://www.yageo.com/en/ProductSearch/PartNumberSearch?part_number=RT0805CRE07110RL,RES SMD 110 Ω 0.25% 0805 150V,Yageo,RT0805CRE07110RL,0.25%,50 ppm/°C,150V,0805,2012,RT0805CRE07,https://www.trustedparts.com/en/search/RT0805CRE07110RL
R_RT0805CRE07124RL,R,124 Ω,resistor_footprints:R_0805_2012Metric,https://www.yageo.com/en/ProductSearch/PartNumberSearch?part_number=RT0805CRE07124RL,RES SMD 124 Ω 0.25% 0805 150V,Yageo,RT0805CRE07124RL,0.25%,50 ppm/°C,150V,0805,2012,RT0805CRE07,https://www.trustedparts.com/en/search/RT0805CRE07124RL
R_RT0805CRE07200RL,R,200 Ω,resistor_footprints:R_0805_2012Metric,https://www.yageo.com/en/ProductSearch/PartNumberSearch?part_number=RT0805CRE07200RL,RES SMD 200 Ω 0.25% 0805 150V,Yageo,RT0805CRE07200RL,0.25%,50 ppm/°C,150V,0805,2012,RT0805CRE07,https://www.trustedparts.com/en/search/RT0805CRE07200RL
R_RT0805CRE07374RL,R,374 Ω,resistor_footprints:R_0805_2012Metric,https://www.yageo.com/en/ProductSearch/PartNumberSearch?part_number=RT0805CRE07374RL,RES SMD 374 Ω 0.25% 0805 150V,Yageo,RT0805CRE07374RL,0.25%,50 ppm/°C,150V,0805,2012,RT0805CRE07,https://www.trustedparts.com/en/search/RT0805CRE07374RL
R_RT0805CRE07402RL,R,402 Ω,resistor_footprints:R_0805_2012Metric,https://www.yageo.com/en/ProductSearch/PartNumberSearch?part_number=RT0805CRE07402RL,RES SMD 402 Ω 0.25% 0805 150V,Yageo,RT0805CRE07402RL,0.25%,50 ppm/°C,150V,0805,2012,RT0805CRE07,https://www.trustedparts.com/en/search/RT0805CRE07402RL
R_RT0805CRE07510RL,R,510 Ω,resistor_footprints:R_0805_2012Metric,https://www.yageo.com/en/ProductSearch/PartNumberSearch?part_number=RT0805CRE07510RL,RES SMD 510 Ω 0.25% 0805 150V,Yageo,RT0805CRE07510RL,0.25%,50 ppm/°C,150V,0805,2012,RT0805CRE07,https://www.trustedparts.com/en/search/RT0805CRE07510RL
R_RT0805CRE07680RL,R,680 Ω,resistor_footprints:R_0805_2012Metric,https://www.yageo.com/en/ProductSearch/PartNumberSearch?part_number=RT0805CRE07680RL,RES SMD 680 Ω 0.25% 0805 150V,Yageo,RT0805CRE07680RL,0.25%,50 ppm/°C,150V,0805,2012,RT0805CRE07,https://www.trustedparts.com/en/search/RT0805CRE07680RL
R_RT0805CRE07909RL,R,909 Ω,resistor_footprints:R_0805_2012Metric,https://www.yageo.com/en/ProductSearch/PartNumberSearch?part_number=RT0805CRE07909RL,RES SMD 909 Ω 0.25% 0805 150V,Yageo,RT0805CRE07909RL,0.25%,50 ppm/°C,150V,0805,2012,RT0805CRE07,https://www.trustedparts.com/en/search/RT0805CRE07909RL
R_RT0805CRE071KL,R,1 kΩ,resistor_footprints:R_0805_2012Metric,https://www.yageo.com/en/ProductSearch/PartNumberSearch?part_number=RT0805CRE071KL,RES SMD 1 kΩ 0.25% 0805 150V,Yageo,RT0805CRE071KL,0.25%,50 ppm/°C,150V,0805,2012,RT0805CRE07,https://www.trustedparts.com/en/search/RT0805CRE071KL
R_RT0805CRE071K2L,R,1.2 kΩ,resistor_footprints:R_0805_2012Metric,https://www.yageo.com/en/ProductSearch/PartNumberSearch?part_number=RT0805CRE071K2L,RES SMD 1.2 kΩ 0.25% 0805 150V,Yageo,RT0805CRE071K2L,0.25%,50 ppm/°C,150V,0805,2012,RT0805CRE07,https://www.trustedparts.com/en/search/RT0805CRE071K2L
R_RT0805CRE071K27L,R,1.27 kΩ,resistor_footprints:R_0805_2012Metric,https://www.yageo.com/en/ProductSearch/PartNumberSearch?part_number=RT0805CRE071K27L,RES SMD 1.27 kΩ 0.25% 0805 150V,Yageo,RT0805CRE071K27L,0.25%,50 ppm/°C,150V,0805,2012,RT0805CRE07,https://www.trustedparts.com/en/search/RT0805CRE071K27L
R_RT0805CRE071K5L,R,1.5 kΩ,resistor_footprints:R_0805_2012Metric,https://www.yageo.com/en/ProductSearch/PartNumberSearch?part_number=RT0805CRE071K5L,RES SMD 1.5 kΩ 0.25% 0805 150V,Yageo,RT0805CRE071K5L,0.25%,50 ppm/°C,150V,0805,2012,RT0805CRE07,https://www.trustedparts.com/en/search/RT0805CRE071K5L
R_RT0805CRE071K8L,R,1.8 kΩ,resistor_footprints:R_0805_2012Metric,https://www.yageo.com/en/ProductSearch/PartNumberSearch?part_number=RT0805CRE071K8L,RES SMD 1.8 kΩ 0.25% 0805 150V,Yageo,RT0805CRE071K8L,0.25%,50 ppm/°C,150V,0805,2012,RT0805CRE07,https://www.trustedparts.com/en/search/RT0805CRE071K8L
R_RT0805CRE072K32L,R,2.32 kΩ,resistor_footprints:R_0805_2012Metric,https://www.yageo.com/en/ProductSearch/PartNumberSearch?part_number=RT0805CRE072K32L,RES SMD 2.32 kΩ 0.25% 0805 150V,Yageo,RT0805CRE072K32L,0.25%,50 ppm/°C,150V,0805,2012,RT0805CRE07,https://www.trustedparts.com/en/search/RT0805CRE072K32L
R_RT0805CRE072K43L,R,2.43 kΩ,resistor_footprints:R_0805_2012Metric,https://www.yageo.com/en/ProductSearch/PartNumberSearch?part_number=RT0805CRE072K43L,RES SMD 2.43 kΩ 0.25% 0805 150V,Yageo,RT0805CRE072K43L,0.25%,50 ppm/°C,150V,0805,2012,RT0805CRE07,https://www.trustedparts.com/en/search/RT0805CRE072K43L
R_RT0805CRE072K49L,R,2.49 kΩ,resistor_footprints:R_0805_2012Metric,https://www.yageo.com/en/ProductSearch/PartNumberSearch?part_number=RT0805CRE072K49L,RES SMD 2.49 kΩ 0.25% 0805 150V,Yageo,RT0805CRE072K49L,0.25%,50 ppm/°C,150V,0805,2012,RT0805CRE07,https://www.trustedparts.com/en/search/RT0805CRE072K49L
R_RT0805CRE072K7L,R,2.7 kΩ,resistor_footprints:R_0805_2012Metric,https://www.yageo.com/en/ProductSearch/PartNumberSearch?part_number=RT0805CRE072K7L,RES SMD 2.7 kΩ 0.25% 0805 150V,Yageo,RT0805CRE072K7L,0.25%,50 ppm/°C,150V,0805,2012,RT0805CRE07,https://www.trustedparts.com/en/search/RT0805CRE072K7L
R_RT0805CRE073KL,R,3 kΩ,resistor_footprints:R_0805_2012Metric,https://www.yageo.com/en/ProductSearch/PartNumberSearch?part_number=RT0805CRE073KL,RES SMD 3 kΩ 0.25% 0805 150V,Yageo,RT0805CRE073KL,0.25%,50 ppm/°C,150V,0805,2012,RT0805CRE07,https://www.trustedparts.com/en/search/RT0805CRE073KL
R_RT0805CRE073K9L,R,3.09 kΩ,resistor_footprints:R_0805_2012Metric,https://www.yageo.com/en/ProductSearch/PartNumberSearch?part_number=RT0805CRE073K9L,RES SMD 3.09 kΩ 0.25% 0805 150V,Yageo,RT0805CRE073K9L,0.25%,50 ppm/°C,150V,0805,2012,RT0805CRE07,https://www.trustedparts.com/en/search/RT0805CRE073K9L
R_RT0805CRE073K16L,R,3.16 kΩ,resistor_footprints:R_0805_2012Metric,https://www.yageo.com/en/ProductSearch/PartNumberSearch?part_number=RT0805CRE073K16L,RES SMD 3.16 kΩ 0.25% 0805 150V,Yageo,RT0805CRE073K16L,0.25%,50 ppm/°C,150V,0805,2012,RT0805CRE07,https://www.trustedparts.com/en/search/RT0805CRE073K16L
R_RT0805CRE073K3L,R,3.3 kΩ,resistor_footprints:R_0805_2012Metric,https://www.yageo.com/en/ProductSearch/PartNumberSearch?part_number=RT0805CRE073K3L,RES SMD 3.3 kΩ 0.25% 0805 150V,Yageo,RT0805CRE073K3L,0.25%,50 ppm/°C,150V,0805,2012,RT0805CRE07,https://www.trustedparts.com/en/search/RT0805CRE073K3L
R_RT0805CRE073K57L,R,3.57 kΩ,resistor_footprints:R_0805_2012Metric,https://www.yageo.com/en/ProductSearch/PartNumberSearch?part_number=RT0805CRE073K57L,RES SMD 3.57 kΩ 0.25% 0805 150V,Yageo,RT0805CRE073K57L,0.25%,50 ppm/°C,150V,0805,2012,RT0805CRE07,https://www.trustedparts.com/en/search/RT0805CRE073K57L
R_RT0805CRE074K7L,R,4.7 kΩ,resistor_footprints:R_0805_2012Metric,https://www.yageo.com/en/ProductSearch/PartNumberSearch?part_number=RT0805CRE074K7L,RES SMD 4.7 kΩ 0.25% 0805 150V,Yageo,RT0805CRE074K7L,0.25%,50 ppm/°C,150V,0805,2012,RT0805CRE07,https://www.trustedparts.com/en/search/RT0805CRE074K7L
R_RT0805CRE074K99L,R,4.99 kΩ,resistor_footprints:R_0805_2012Metric,https://www.yageo.com/en/ProductSearch/PartNumberSearch?part_number=RT0805CRE074K99L,RES SMD 4.99 kΩ 0.25% 0805 150V,Yageo,RT0805CRE074K99L,0.25%,50 ppm/°C,150V,0805,2012,RT0805CRE07,https://www.trustedparts.com/en/search/RT0805CRE074K99L
R_RT0805CRE075K1L,R,5.1 kΩ,resistor_footprints:R_0805_2012Metric,https://www.yageo.com/en/ProductSearch/PartNumberSearch?part_number=RT0805CRE075K1L,RES SMD 5.1 kΩ 0.25% 0805 150V,Yageo,RT0805CRE075K1L,0.25%,50 ppm/°C,150V,0805,2012,RT0805CRE07,https://www.trustedparts.com/en/search/RT0805CRE075K1L
R_RT0805CRE075K49L,R,5.49 kΩ,resistor_footprints:R_0805_2012Metric,https://www.yageo.com/en/ProductSearch/PartNumberSearch?part_number=RT0805CRE075K49L,RES SMD 5.49 kΩ 0.25% 0805 150V,Yageo,RT0805CRE075K49L,0.25%,50 ppm/°C,150V,0805,2012,RT0805CRE07,https://www.trustedparts.com/en/search/RT0805CRE075K49L
R_RT0805CRE075K62L,R,5.62 kΩ,resistor_footprints:R_0805_2012Metric,https://www.yageo.com/en/ProductSearch/PartNumberSearch?part_number=RT0805CRE075K62L,RES SMD 5.62 kΩ 0.25% 0805 150V,Yageo,RT0805CRE075K62L,0.25%,50 ppm/°C,150V,0805,2012,RT0805CRE07,https://www.trustedparts.com/en/search/RT0805CRE075K62L
R_RT0805CRE076K19L,R,6.19 kΩ,resistor_footprints:R_0805_2012Metric,https://www.yageo.com/en/ProductSearch/PartNumberSearch?part_number=RT0805CRE076K19L,RES SMD 6.19 kΩ 0.25% 0805 150V,Yageo,RT0805CRE076K19L,0.25%,50 ppm/°C,150V,0805,2012,RT0805CRE07,https://www.trustedparts.com/en/search/RT0805CRE076K19L
R_RT0805CRE079K1L,R,9.1 kΩ,resistor_footprints:R_0805_2012Metric,https://www.yageo.com/en/ProductSearch/PartNumberSearch?part_number=RT0805CRE079K1L,RES SMD 9.1 kΩ 0.25% 0805 150V,Yageo,RT0805CRE079K1L,0.25%,50 ppm/°C,150V,0805,2012,RT0805CRE07,https://www.trustedparts.com/en/search/RT0805CRE079K1L
R_RT0805CRE070M1L,R,10 kΩ,resistor_footprints:R_0805_2012Metric,https://www.yageo.com/en/ProductSearch/PartNumberSearch?part_number=RT0805CRE070M1L,RES SMD 10 kΩ 0.25% 0805 150V,Yageo,RT0805CRE070M1L,0.25%,50 ppm/°C,150V,0805,2012,RT0805CRE07,https://www.trustedparts.com/en/search/RT0805CRE070M1L
R_RT0805CRE070M102L,R,10.2 kΩ,resistor_footprints:R_0805_2012Metric,https://www.yageo.com/en/ProductSearch/PartNumberSearch?part_number=RT0805CRE070M102L,RES SMD 10.2 kΩ 0.25% 0805 150V,Yageo,RT0805CRE070M102L,0.25%,50 ppm/°C,150V,0805,2012,RT0805CRE07,https://www.trustedparts.com/en/search/RT0805CRE070M102L
R_RT0805CRE070M105L,R,10.5 kΩ,resistor_footprints:R_0805_2012Metric,https://www.yageo.com/en/ProductSearch/PartNumberSearch?part_number=RT0805CRE070M105L,RES SMD 10.5 kΩ 0.25% 0805 150V,Yageo,RT0805CRE070M105L,0.25%,50 ppm/°C,150V,0805,2012,RT0805CRE07,https://www.trustedparts.com/en/search/RT0805CRE070M105L
R_RT0805CRE070M107L,R,10.7 kΩ,resistor_footprints:R_0805_2012Metric,https://www.yageo.com/en/ProductSearch/PartNumberSearch?part_number=RT0805CRE070M107L,RES SMD 10.7 kΩ 0.25% 0805 150V,Yageo,RT0805CRE070M107L,0.25%,50 ppm/°C,150V,0805,2012,RT0805CRE07,https://www.trustedparts.com/en/search/RT0805CRE070M107L
R_RT0805CRE070M11L,R,11 kΩ,resistor_footprints:R_0805_2012Metric,https://www.yageo.com/en/ProductSearch/PartNumberSearch?part_number=RT0805CRE070M11L,RES SMD 11 kΩ 0.25% 0805 150V,Yageo,RT0805CRE070M11L,0.25%,50 ppm/°C,150V,0805,2012,RT0805CRE07,https://www.trustedparts.com/en/search/RT0805CRE070M11L
R_RT0805CRE070M113L,R,11.3 kΩ,resistor_footprints:R_0805_2012Metric,https://www.yageo.com/en/ProductSearch/PartNumberSearch?part_number=RT0805CRE070M113L,RES SMD 11.3 kΩ 0.25% 0805 150V,Yageo,RT0805CRE070M113L,0.25%,50 ppm/°C,150V,0805,2012,RT0805CRE07,https://www.trustedparts.com/en/search/RT0805CRE070M113L
R_RT0805CRE070M115L,R,11.5 kΩ,resistor_footprints:R_0805_2012Metric,https://www.yageo.com/en/ProductSearch/PartNumberSearch?part_number=RT0805CRE070M115L,RES SMD 11.5 kΩ 0.25% 0805 150V,Yageo,RT0805CRE070M115L,0.25%,50 ppm/°C,150V,0805,2012,RT0805CRE07,https://www.trustedparts.com/en/search/RT0805CRE070M115L
R_RT0805CRE070M118L,R,11.8 kΩ,resistor_footprints:R_0805_2012Metric,https://www.yageo.com/en/ProductSearch/PartNumberSearch?part_number=RT0805CRE070M118L,RES SMD 11.8 kΩ 0.25% 0805 150V,Yageo,RT0805CRE070M118L,0.25%,50 ppm/°C,150V,0805,2012,RT0805CRE07,https://www.trustedparts.com/en/search/RT0805CRE070M118L
R_RT0805CRE070M12L,R,12 kΩ,resistor_footprints:R_0805_2012Metric,https://www.yageo.com/en/ProductSearch/PartNumberSearch?part_number=RT0805CRE070M12L,RES SMD 12 kΩ 0.25% 0805 150V,Yageo,RT0805CRE070M12L,0.25%,50 ppm/°C,150V,0805,2012,RT0805CRE07,https://www.trustedparts.com/en/search/RT0805CRE070M12L
R_RT0805CRE070M121L,R,12.1 kΩ,resistor_footprints:R_0805_2012Metric,https://www.yageo.com/en/ProductSearch/PartNumberSearch?part_number=RT0805CRE070M121L,RES SMD 12.1 kΩ 0.25% 0805 150V,Yageo,RT0805CRE070M121L,0.25%,50 ppm/°C,150V,0805,2012,RT0805CRE07,https://www.trustedparts.com/en/search/RT0805CRE070M121L
R_RT0805CRE070M124L,R,12.4 kΩ,resistor_footprints:R_0805_2012Metric,https://www.yageo.com/en/ProductSearch/PartNumberSearch?part_number=RT0805CRE070M124L,RES SMD 12.4 kΩ 0.25% 0805 150V,Yageo,RT0805CRE070M124L,0.25%,50 ppm/°C,150V,0805,2012,RT0805CRE07,https://www.trustedparts.com/en/search/RT0805CRE070M124L
R_RT0805CRE070M127L,R,12.7 kΩ,resistor_footprints:R_0805_2012Metric,https://www.yageo.com/en/ProductSearch/PartNumberSearch?part_number=RT0805CRE070M127L,RES SMD 12.7 kΩ 0.25% 0805 150V,Yageo,RT0805CRE070M127L,0.25%,50 ppm/°C,150V,0805,2012,RT0805CRE07,https://www.trustedparts.com/en/search/RT0805CRE070M127L
R_RT0805CRE070M13L,R,13 kΩ,resistor_footprints:R_0805_2012Metric,https://www.yageo.com/en/ProductSearch/PartNumberSearch?part_number=RT0805CRE070M13L,RES SMD 13 kΩ 0.25% 0805 150V,Yageo,RT0805CRE070M13L,0.25%,50 ppm/°C,150V,0805,2012,RT0805CRE07,https://www.trustedparts.com/en/search/RT0805CRE070M13L
R_RT0805CRE070M133L,R,13.3 kΩ,resistor_footprints:R_0805_2012Metric,https://www.yageo.com/en/ProductSearch/PartNumberSearch?part_number=RT0805CRE070M133L,RES SMD 13.3 kΩ 0.25% 0805 150V,Yageo,RT0805CRE070M133L,0.25%,50 ppm/°C,150V,0805,2012,RT0805CRE07,https://www.trustedparts.com/en/search/RT0805CRE070M133L
R_RT0805CRE070M137L,R,13.7 kΩ,resistor_footprints:R_0805_2012Metric,https://www.yageo.com/en/ProductSearch/PartNumberSearch?part_number=RT0805CRE070M137L,RES SMD 13.7 kΩ 0.25% 0805 150V,Yageo,RT0805CRE070M137L,0.25%,50 ppm/°C,150V,0805,2012,RT0805CRE07,https://www.trustedparts.com/en/search/RT0805CRE070M137L
R_RT0805CRE070M14L,R,14 kΩ,resistor_footprints:R_0805_2012Metric,https://www.yageo.com/en/ProductSearch/PartNumberSearch?part_number=RT0805CRE070M14L,RES SMD 14 kΩ 0.25% 0805 150V,Yageo,RT0805CRE070M14L,0.25%,50 ppm/°C,150V,0805,2012,RT0805CRE07,https://www.trustedparts.com/en/search/RT0805CRE070M14L
R_RT0805CRE070M143L,R,14.3 kΩ,resistor_footprints:R_0805_2012Metric,https://www.yageo.com/en/ProductSearch/PartNumberSearch?part_number=RT0805CRE070M143L,RES SMD 14.3 kΩ 0.25% 0805 150V,Yageo,RT0805CRE070M143L,0.25%,50 ppm/°C,150V,0805,2012,RT0805CRE07,https://www.trustedparts.com/en/search/RT0805CRE070M143L
R_RT0805CRE070M147L,R,14.7 kΩ,resistor_footprints:R_0805_2012Metric,https://www.yageo.com/en/ProductSearch/PartNumberSearch?part_number=RT0805CRE070M147L,RES SMD 14.7 kΩ 0.25% 0805 150V,Yageo,RT0805CRE070M147L,0.25%,50 ppm/°C,150V,0805,2012,RT0805CRE07,https://www.trustedparts.com/en/search/RT0805CRE070M147L
R_RT0805CRE070M15L,R,15 kΩ,resistor_footprints:R_0805_2012Metric,https://www.yageo.com/en/ProductSearch/PartNumberSearch?part_number=RT0805CRE070M15L,RES SMD 15 kΩ 0.25% 0805 150V,Yageo,RT0805CRE070M15L,0.25%,50 ppm/°C,150V,0805,2012,RT0805CRE07,https://www.trustedparts.com/en/search/RT0805CRE070M15L
R_RT0805CRE070M154L,R,15.4 kΩ,resistor_footprints:R_0805_2012Metric,https://www.yageo.com/en/ProductSearch/PartNumberSearch?part_number=RT0805CRE070M154L,RES SMD 15.4 kΩ 0.25% 0805 150V,Yageo,RT0805CRE070M154L,0.25%,50 ppm/°C,150V,0805,2012,RT0805CRE07,https://www.trustedparts.com/en/search/RT0805CRE070M154L
R_RT0805CRE070M158L,R,15.8 kΩ,resistor_footprints:R_0805_2012Metric,https://www.yageo.com/en/ProductSearch/PartNumberSearch?part_number=RT0805CRE070M158L,RES SMD 15.8 kΩ 0.25% 0805 150V,Yageo,RT0805CRE070M158L,0.25%,50 ppm/°C,150V,0805,2012,RT0805CRE07,https://www.trustedparts.com/en/search/RT0805CRE070M158L
R_RT0805CRE070M16L,R,16 kΩ,resistor_footprints:R_0805_2012Metric,https://www.yageo.com/en/ProductSearch/PartNumberSearch?part_number=RT0805CRE070M16L,RES SMD 16 kΩ 0.25% 0805 150V,Yageo,RT0805CRE070M16L,0.25%,50 ppm/°C,150V,0805,2012,RT0805CRE07,https://www.trustedparts.com/en/search/RT0805CRE070M16L
R_RT0805CRE070M162L,R,16.2 kΩ,resistor_footprints:R_0805_2012Metric,https://www.yageo.com/en/ProductSearch/PartNumberSearch?part_number=RT0805CRE070M162L,RES SMD 16.2 kΩ 0.25% 0805 150V,Yageo,RT0805CRE070M162L,0.25%,50 ppm/°C,150V,0805,2012,RT0805CRE07,https://www.trustedparts.com/en/search/RT0805CRE070M162L
R_RT0805CRE070M165L,R,16.5 kΩ,resistor_footprints:R_0805_2012Metric,https://www.yageo.com/en/ProductSearch/PartNumberSearch?part_number=RT0805CRE070M165L,RES SMD 16.5 kΩ 0.25% 0805 150V,Yageo,RT0805CRE070M165L,0.25%,50 ppm/°C,150V,0805,2012,RT0805CRE07,https://www.trustedparts.com/en/search/RT0805CRE070M165L
R_RT0805CRE070M169L,R,16.9 kΩ,resistor_footprints:R_0805_2012Metric,https://www.yageo.com/en/ProductSearch/PartNumberSearch?part_number=RT0805CRE070M169L,RES SMD 16.9 kΩ 0.25% 0805 150V,Yageo,RT0805CRE070M169L,0.25%,50 ppm/°C,150V,0805,2012,RT0805CRE07,https://www.trustedparts.com/en/search/RT0805CRE070M169L
R_RT0805CRE070M174L,R,17.4 kΩ,resistor_footprints:R_0805_2012Metric,https://www.yageo.com/en/ProductSearch/PartNumberSearch?part_number=RT0805CRE070M174L,RES SMD 17.4 kΩ 0.25% 0805 150V,Yageo,RT0805CRE070M174L,0.25%,50 ppm/°C,150V,0805,2012,RT0805CRE07,https://www.trustedparts.com/en/search/RT0805CRE070M174L
R_RT0805CRE070M178L,R,17.8 kΩ,resistor_footprints:R_0805_2012Metric,https://www.yageo.com/en/ProductSearch/PartNumberSearch?part_number=RT0805CRE070M178L,RES SMD 17.8 kΩ 0.25% 0805 150V,Yageo,RT0805CRE070M178L,0.25%,50 ppm/°C,150V,0805,2012,RT0805CRE07,https://www.trustedparts.com/en/search/RT0805CRE070M178L
R_RT0805CRE070M18L,R,18 kΩ,resistor_footprints:R_0805_2012Metric,https://www.yageo.com/en/ProductSearch/PartNumberSearch?part_number=RT0805CRE070M18L,RES SMD 18 kΩ 0.25% 0805 150V,Yageo,RT0805CRE070M18L,0.25%,50 ppm/°C,150V,0805,2012,RT0805CRE07,https://www.trustedparts.com/en/search/RT0805CRE070M18L
R_RT0805CRE070M182L,R,18.2 kΩ,resistor_footprints:R_0805_2012Metric,https://www.yageo.com/en/ProductSearch/PartNumberSearch?part_number=RT0805CRE070M182L,RES SMD 18.2 kΩ 0.25% 0805 150V,Yageo,RT0805CRE070M182L,0.25%,50 ppm/°C,150V,0805,2012,RT0805CRE07,https://www.trustedparts.com/en/search/RT0805CRE070M182L
R_RT0805CRE070M187L,R,18.7 kΩ,resistor_footprints:R_0805_2012Metric,https://www.yageo.com/en/ProductSearch/PartNumberSearch?part_number=RT0805CRE070M187L,RES SMD 18.7 kΩ 0.25% 0805 150V,Yageo,RT0805CRE070M187L,0.25%,50 ppm/°C,150V,0805,2012,RT0805CRE07,https://www.trustedparts.com/en/search/RT0805CRE070M187L
R_RT0805CRE070M191L,R,19.1 kΩ,resistor_footprints:R_0805_2012Metric,https://www.yageo.com/en/ProductSearch/PartNumberSearch?part_number=RT0805CRE070M191L,RES SMD 19.1 kΩ 0.25% 0805 150V,Yageo,RT0805CRE070M191L,0.25%,50 ppm/°C,150V,0805,2012,RT0805CRE07,https://www.trustedparts.com/en/search/RT0805CRE070M191L
R_RT0805CRE070M196L,R,19.6 kΩ,resistor_footprints:R_0805_2012Metric,https://www.yageo.com/en/ProductSearch/PartNumberSearch?part_number=RT0805CRE070M196L,RES SMD 19.6 kΩ 0.25% 0805 150V,Yageo,RT0805CRE070M196L,0.25%,50 ppm/°C,150V,0805,2012,RT0805CRE07,https://www.trustedparts.com/en/search/RT0805CRE070M196L
R_RT0805CRE070M2L,R,20 kΩ,resistor_footprints:R_0805_2012Metric,https://www.yageo.com/en/ProductSearch/PartNumberSearch?part_number=RT0805CRE070M2L,RES SMD 20 kΩ 0.25% 0805 150V,Yageo,RT0805CRE070M2L,0.25%,50 ppm/°C,150V,0805,2012,RT0805CRE07,https://www.trustedparts.com/en/search/RT0805CRE070M2L
R_RT0805CRE070M205L,R,20.5 kΩ,resistor_footprints:R_0805_2012Metric,https://www.yageo.com/en/ProductSearch/PartNumberSearch?part_number=RT0805CRE070M205L,RES SMD 20.5 kΩ 0.25% 0805 150V,Yageo,RT0805CRE070M205L,0.25%,50 ppm/°C,150V,0805,2012,RT0805CRE07,https://www.trustedparts.com/en/search/RT0805CRE070M205L
R_RT0805CRE070M21L,R,21 kΩ,resistor_footprints:R_0805_2012Metric,https://www.yageo.com/en/ProductSearch/PartNumberSearch?part_number=RT0805CRE070M21L,RES SMD 21 kΩ 0.25% 0805 150V,Yageo,RT0805CRE070M21L,0.25%,50 ppm/°C,150V,0805,2012,RT0805CRE07,https://www.trustedparts.com/en/search/RT0805CRE070M21L
R_RT0805CRE070M215L,R,21.5 kΩ,resistor_footprints:R_0805_2012Metric,https://www.yageo.com/en/ProductSearch/PartNumberSearch?part_number=RT0805CRE070M215L,RES SMD 21.5 kΩ 0.25% 0805 150V,Yageo,RT0805CRE070M215L,0.25%,50 ppm/°C,150V,0805,2012,RT0805CRE07,https://www.trustedparts.com/en/search/RT0805CRE070M215L
R_RT0805CRE070M22L,R,22 kΩ,resistor_footprints:R_0805_2012Metric,https://www.yageo.com/en/ProductSearch/PartNumberSearch?part_number=RT0805CRE070M22L,RES SMD 22 kΩ 0.25% 0805 150V,Yageo,RT0805CRE070M22L,0.25%,50 ppm/°C,150V,0805,2012,RT0805CRE07,https://www.trustedparts.com/en/search/RT0805CRE070M22L
R_RT0805CRE070M221L,R,22.1 kΩ,resistor_footprints:R_0805_2012Metric,https://www.yageo.com/en/ProductSearch/PartNumberSearch?part_number=RT0805CRE070M221L,RES SMD 22.1 kΩ 0.25% 0805 150V,Yageo,RT0805CRE070M221L,0.25%,50 ppm/°C,150V,0805,2012,RT0805CRE07,https://www.trustedparts.com/en/search/RT0805CRE070M221L
R_RT0805CRE070M226L,R,22.6 kΩ,resistor_footprints:R_0805_2012Metric,https://www.yageo.com/en/ProductSearch/PartNumberSearch?part_number=RT0805CRE070M226L,RES SMD 22.6 kΩ 0.25% 0805 150V,Yageo,RT0805CRE070M226L,0.25%,50 ppm/°C,150V,0805,2012,RT0805CRE07,https://www.trustedparts.com/en/search/RT0805CRE070M226L
R_RT0805CRE070M232L,R,23.2 kΩ,resistor_footprints:R_0805_2012Metric,https://www.yageo.com/en/ProductSearch/PartNumberSearch?part_number=RT0805CRE070M232L,RES SMD 23.2 kΩ 0.25% 0805 150V,Yageo,RT0805CRE070M232L,0.25%,50 ppm/°C,150V,0805,2012,RT0805CRE07,https://www.trustedparts.com/en/search/RT0805CRE070M232L
R_RT0805CRE070M237L,R,23.7 kΩ,resistor_footprints:R_0805_2012Metric,https://www.yageo.com/en/ProductSearch/PartNumberSearch?part_number=RT0805CRE070M237L,RES SMD 23.7 kΩ 0.25% 0805 150V,Yageo,RT0805CRE070M237L,0.25%,50 ppm/°C,150V,0805,2012,RT0805CRE07,https://www.trustedparts.com/en/search/RT0805CRE070M237L
R_RT0805CRE070M24L,R,24 kΩ,resistor_footprints:R_0805_2012Metric,https://www.yageo.com/en/ProductSearch/PartNumberSearch?part_number=RT0805CRE070M24L,RES SMD 24 kΩ 0.25% 0805 150V,Yageo,RT0805CRE070M24L,0.25%,50 ppm/°C,150V,0805,2012,RT0805CRE07,https://www.trustedparts.com/en/search/RT0805CRE070M24L
R_RT0805CRE070M243L,R,24.3 kΩ,resistor_footprints:R_0805_2012Metric,https://www.yageo.com/en/ProductSearch/PartNumberSearch?part_number=RT0805CRE070M243L,RES SMD 24.3 kΩ 0.25% 0805 150V,Yageo,RT0805CRE070M243L,0.25%,50 ppm/°C,150V,0805,2012,RT0805CRE07,https://www.trustedparts.com/en/search/RT0805CRE070M243L
R_RT0805CRE070M249L,R,24.9 kΩ,resistor_footprints:R_0805_2012Metric,https://www.yageo.com/en/ProductSearch/PartNumberSearch?part_number=RT0805CRE070M249L,RES SMD 24.9 kΩ 0.25% 0805 150V,Yageo,RT0805CRE070M249L,0.25%,50 ppm/°C,150V,0805,2012,RT0805CRE07,https://www.trustedparts.com/en/search/RT0805CRE070M249L
R_RT0805CRE070M255L,R,25.5 kΩ,resistor_footprints:R_0805_2012Metric,https://www.yageo.com/en/ProductSearch/PartNumberSearch?part_number=RT0805CRE070M255L,RES SMD 25.5 kΩ 0.25% 0805 150V,Yageo,RT0805CRE070M255L,0.25%,50 ppm/°C,150V,0805,2012,RT0805CRE07,https://www.trustedparts.com/en/search/RT0805CRE070M255L
R_RT0805CRE070M261L,R,26.1 kΩ,resistor_footprints:R_0805_2012Metric,https://www.yageo.com/en/ProductSearch/PartNumberSearch?part_number=RT0805CRE070M261L,RES SMD 26.1 kΩ 0.25% 0805 150V,Yageo,RT0805CRE070M261L,0.25%,50 ppm/°C,150V,0805,2012,RT0805CRE07,https://www.trustedparts.com/en/search/RT0805CRE070M261L
R_RT0805CRE070M267L,R,26.7 kΩ,resistor_footprints:R_0805_2012Metric,https://www.yageo.com/en/ProductSearch/PartNumberSearch?part_number=RT0805CRE070M267L,RES SMD 26.7 kΩ 0.25% 0805 150V,Yageo,RT0805CRE070M267L,0.25%,50 ppm/°C,150V,0805,2012,RT0805CRE07,https://www.trustedparts.com/en/search/RT0805CRE070M267L
R_RT0805CRE070M27L,R,27 kΩ,resistor_footprints:R_0805_2012Metric,https://www.yageo.com/en/ProductSearch/PartNumberSearch?part_number=RT0805CRE070M27L,RES SMD 27 kΩ 0.25% 0805 150V,Yageo,RT0805CRE070M27L,0.25%,50 ppm/°C,150V,0805,2012,RT0805CRE07,https://www.trustedparts.com/en/search/RT0805CRE070M27L
R_RT0805CRE070M274L,R,27.4 kΩ,resistor_footprints:R_0805_2012Metric,https://www.yageo.com/en/ProductSearch/PartNumberSearch?part_number=RT0805CRE070M274L,RES SMD 27.4 kΩ 0.25% 0805 150V,Yageo,RT0805CRE070M274L,0.25%,50 ppm/°C,150V,0805,2012,RT0805CRE07,https://www.trustedparts.com/en/search/RT0805CRE070M274L
R_RT0805CRE070M28L,R,28 kΩ,resistor_footprints:R_0805_2012Metric,https://www.yageo.com/en/ProductSearch/PartNumberSearch?part_number=RT0805CRE070M28L,RES SMD 28 kΩ 0.25% 0805 150V,Yageo,RT0805CRE070M28L,0.25%,50 ppm/°C,150V,0805,2012,RT0805CRE07,https://www.trustedparts.com/en/search/RT0805CRE070M28L
R_RT0805CRE070M287L,R,28.7 kΩ,resistor_footprints:R_0805_2012Metric,https://www.yageo.com/en/ProductSearch/PartNumberSearch?part_number=RT0805CRE070M287L,RES SMD 28.7 kΩ 0.25% 0805 150V,Yageo,RT0805CRE070M287L,0.25%,50 ppm/°C,150V,0805,2012,RT0805CRE07,https://www.trustedparts.com/en/search/RT0805CRE070M287L
R_RT0805CRE070M294L,R,29.4 kΩ,resistor_footprints:R_0805_2012Metric,https://www.yageo.com/en/ProductSearch/PartNumberSearch?part_number=RT0805CRE070M294L,RES SMD 29.4 kΩ 0.25% 0805 150V,Yageo,RT0805CRE070M294L,0.25%,50 ppm/°C,150V,0805,2012,RT0805CRE07,https://www.trustedparts.com/en/search/RT0805CRE070M294L
R_RT0805CRE070M3L,R,30 kΩ,resistor_footprints:R_0805_2012Metric,https://www.yageo.com/en/ProductSearch/PartNumberSearch?part_number=RT0805CRE070M3L,RES SMD 30 kΩ 0.25% 0805 150V,Yageo,RT0805CRE070M3L,0.25%,50 ppm/°C,150V,0805,2012,RT0805CRE07,https://www.trustedparts.com/en/search/RT0805CRE070M3L
R_RT0805CRE070M301L,R,30.1 kΩ,resistor_footprints:R_0805_2012Metric,https://www.yageo.com/en/ProductSearch/PartNumberSearch?part_number=RT0805CRE070M301L,RES SMD 30.1 kΩ 0.25% 0805 150V,Yageo,RT0805CRE070M301L,0.25%,50 ppm/°C,150V,0805,2012,RT0805CRE07,https://www.trustedparts.com/en/search/RT0805CRE070M301L
R_RT0805CRE070M309L,R,30.9 kΩ,resistor_footprints:R_0805_2012Metric,https://www.yageo.com/en/ProductSearch/PartNumberSearch?part_number=RT0805CRE070M309L,RES SMD 30.9 kΩ 0.25% 0805 150V,Yageo,RT0805CRE070M309L,0.25%,50 ppm/°C,150V,0805,2012,RT0805CRE07,https://www.trustedparts.com/en/search/RT0805CRE070M309L
R_RT0805CRE070M316L,R,31.6 kΩ,resistor_footprints:R_0805_2012Metric,https://www.yageo.com/en/ProductSearch/PartNumberSearch?part_number=RT0805CRE070M316L,RES SMD 31.6 kΩ 0.25% 0805 150V,Yageo,RT0805CRE070M316L,0.25%,50 ppm/°C,150V,0805,2012,RT0805CRE07,https://www.trustedparts.com/en/search/RT0805CRE070M316L
R_RT0805CRE070M324L,R,32.4 kΩ,resistor_footprints:R_0805_2012Metric,https://www.yageo.com/en/ProductSearch/PartNumberSearch?part_number=RT0805CRE070M324L,RES SMD 32.4 kΩ 0.25% 0805 150V,Yageo,RT0805CRE070M324L,0.25%,50 ppm/°C,150V,0805,2012,RT0805CRE07,https://www.trustedparts.com/en/search/RT0805CRE070M324L
R_RT0805CRE070M33L,R,33 kΩ,resistor_footprints:R_0805_2012Metric,https://www.yageo.com/en/ProductSearch/PartNumberSearch?part_number=RT0805CRE070M33L,RES SMD 33 kΩ 0.25% 0805 150V,Yageo,RT0805CRE070M33L,0.25%,50 ppm/°C,150V,0805,2012,RT0805CRE07,https://www.trustedparts.com/en/search/RT0805CRE070M33L
R_RT0805CRE070M332L,R,33.2 kΩ,resistor_footprints:R_0805_2012Metric,https://www.yageo.com/en/ProductSearch/PartNumberSearch?part_number=RT0805CRE070M332L,RES SMD 33.2 kΩ 0.25% 0805 150V,Yageo,RT0805CRE070M332L,0.25%,50 ppm/°C,150V,0805,2012,RT0805CRE07,https://www.trustedparts.com/en/search/RT0805CRE070M332L
R_RT0805CRE070M34L,R,34 kΩ,resistor_footprints:R_0805_2012Metric,https://www.yageo.com/en/ProductSearch/PartNumberSearch?part_number=RT0805CRE070M34L,RES SMD 34 kΩ 0.25% 0805 150V,Yageo,RT0805CRE070M34L,0.25%,50 ppm/°C,150V,0805,2012,RT0805CRE07,https://www.trustedparts.com/en/search/RT0805CRE070M34L
R_RT0805CRE070M348L,R,34.8 kΩ,resistor_footprints:R_0805_2012Metric,https://www.yageo.com/en/ProductSearch/PartNumberSearch?part_number=RT0805CRE070M348L,RES SMD 34.8 kΩ 0.25% 0805 150V,Yageo,RT0805CRE070M348L,0.25%,50 ppm/°C,150V,0805,2012,RT0805CRE07,https://www.trustedparts.com/en/search/RT0805CRE070M348L
R_RT0805CRE070M357L,R,35.7 kΩ,resistor_footprints:R_0805_2012Metric,https://www.yageo.com/en/ProductSearch/PartNumberSearch?part_number=RT0805CRE070M357L,RES SMD 35.7 kΩ 0.25% 0805 150V,Yageo,RT0805CRE070M357L,0.25%,50 ppm/°C,150V,0805,2012,RT0805CRE07,https://www.trustedparts.com/en/search/RT0805CRE070M357L
R_RT0805CRE070M36L,R,36 kΩ,resistor_footprints:R_0805_2012Metric,https://www.yageo.com/en/ProductSearch/PartNumberSearch?part_number=RT0805CRE070M36L,RES SMD 36 kΩ 0.25% 0805 150V,Yageo,RT0805CRE070M36L,0.25%,50 ppm/°C,150V,0805,2012,RT0805CRE07,https://www.trustedparts.com/en/search/RT0805CRE070M36L
R_RT0805CRE070M365L,R,36.5 kΩ,resistor_footprints:R_0805_2012Metric,https://www.yageo.com/en/ProductSearch/PartNumberSearch?part_number=RT0805CRE070M365L,RES SMD 36.5 kΩ 0.25% 0805 150V,Yageo,RT0805CRE070M365L,0.25%,50 ppm/°C,150V,0805,2012,RT0805CRE07,https://www.trustedparts.com/en/search/RT0805CRE070M365L
R_RT0805CRE070M374L,R,37.4 kΩ,resistor_footprints:R_0805_2012Metric,https://www.yageo.com/en/ProductSearch/PartNumberSearch?part_number=RT0805CRE070M374L,RES SMD 37.4 kΩ 0.25% 0805 150V,Yageo,RT0805CRE070M374L,0.25%,50 ppm/°C,150V,0805,2012,RT0805CRE07,https://www.trustedparts.com/en/search/RT0805CRE070M374L
R_RT0805CRE070M383L,R,38.3 kΩ,resistor_footprints:R_0805_2012Metric,https://www.yageo.com/en/ProductSearch/PartNumberSearch?part_number=RT0805CRE070M383L,RES SMD 38.3 kΩ 0.25% 0805 150V,Yageo,RT0805CRE070M383L,0.25%,50 ppm/°C,150V,0805,2012,RT0805CRE07,https://www.trustedparts.com/en/search/RT0805CRE070M383L
R_RT0805CRE070M39L,R,39 kΩ,resistor_footprints:R_0805_2012Metric,https://www.yageo.com/en/ProductSearch/PartNumberSearch?part_number=RT0805CRE070M39L,RES SMD 39 kΩ 0.25% 0805 150V,Yageo,RT0805CRE070M39L,0.25%,50 ppm/°C,150V,0805,2012,RT0805CRE07,https://www.trustedparts.com/en/search/RT0805CRE070M39L
R_RT0805CRE070M392L,R,39.2 kΩ,resistor_footprints:R_0805_2012Metric,https://www.yageo.com/en/ProductSearch/PartNumberSearch?part_number=RT0805CRE070M392L,RES SMD 39.2 kΩ 0.25% 0805 150V,Yageo,RT0805CRE070M392L,0.25%,50 ppm/°C,150V,0805,2012,RT0805CRE07,https://www.trustedparts.com/en/search/RT0805CRE070M392L
R_RT0805CRE070M402L,R,40.2 kΩ,resistor_footprints:R_0805_2012Metric,https://www.yageo.com/en/ProductSearch/PartNumberSearch?part_number=RT0805CRE070M402L,RES SMD 40.2 kΩ 0.25% 0805 150V,Yageo,RT0805CRE070M402L,0.25%,50 ppm/°C,150V,0805,2012,RT0805CRE07,https://www.trustedparts.com/en/search/RT0805CRE070M402L
R_RT0805CRE070M412L,R,41.2 kΩ,resistor_footprints:R_0805_2012Metric,https://www.yageo.com/en/ProductSearch/PartNumberSearch?part_number=RT0805CRE070M412L,RES SMD 41.2 kΩ 0.25% 0805 150V,Yageo,RT0805CRE070M412L,0.25%,50 ppm/°C,150V,0805,2012,RT0805CRE07,https://www.trustedparts.com/en/search/RT0805CRE070M412L
R_RT0805CRE070M422L,R,42.2 kΩ,resistor_footprints:R_0805_2012Metric,https://www.yageo.com/en/ProductSearch/PartNumberSearch?part_number=RT0805CRE070M422L,RES SMD 42.2 kΩ 0.25% 0805 150V,Yageo,RT0805CRE070M422L,0.25%,50 ppm/°C,150V,0805,2012,RT0805CRE07,https://www.trustedparts.com/en/search/RT0805CRE070M422L
R_RT0805CRE070M43L,R,43 kΩ,resistor_footprints:R_0805_2012Metric,https://www.yageo.com/en/ProductSearch/PartNumberSearch?part_number=RT0805CRE070M43L,RES SMD 43 kΩ 0.25% 0805 150V,Yageo,RT0805CRE070M43L,0.25%,50 ppm/°C,150V,0805,2012,RT0805CRE07,https://www.trustedparts.com/en/search/RT0805CRE070M43L
R_RT0805CRE070M432L,R,43.2 kΩ,resistor_footprints:R_0805_2012Metric,https://www.yageo.com/en/ProductSearch/PartNumberSearch?part_number=RT0805CRE070M432L,RES SMD 43.2 kΩ 0.25% 0805 150V,Yageo,RT0805CRE070M432L,0.25%,50 ppm/°C,150V,0805,2012,RT0805CRE07,https://www.trustedparts.com/en/search/RT0805CRE070M432L
R_RT0805CRE070M442L,R,44.2 kΩ,resistor_footprints:R_0805_2012Metric,https://www.yageo.com/en/ProductSearch/PartNumberSearch?part_number=RT0805CRE070M442L,RES SMD 44.2 kΩ 0.25% 0805 150V,Yageo,RT0805CRE070M442L,0.25%,50 ppm/°C,150V,0805,2012,RT0805CRE07,https://www.trustedparts.com/en/search/RT0805CRE070M442L
R_RT0805CRE070M453L,R,45.3 kΩ,resistor_footprints:R_0805_2012Metric,https://www.yageo.com/en/ProductSearch/PartNumberSearch?part_number=RT0805CRE070M453L,RES SMD 45.3 kΩ 0.25% 0805 150V,Yageo,RT0805CRE070M453L,0.25%,50 ppm/°C,150V,0805,2012,RT0805CRE07,https://www.trustedparts.com/en/search/RT0805CRE070M453L
R_RT0805CRE070M464L,R,46.4 kΩ,resistor_footprints:R_0805_2012Metric,https://www.yageo.com/en/ProductSearch/PartNumberSearch?part_number=RT0805CRE070M464L,RES SMD 46.4 kΩ 0.25% 0805 150V,Yageo,RT0805CRE070M464L,0.25%,50 ppm/°C,150V,0805,2012,RT0805CRE07,https://www.trustedparts.com/en/search/RT0805CRE070M464L
R_RT0805CRE070M47L,R,47 kΩ,resistor_footprints:R_0805_2012Metric,https://www.yageo.com/en/ProductSearch/PartNumberSearch?part_number=RT0805CRE070M47L,RES SMD 47 kΩ 0.25% 0805 150V,Yageo,RT0805CRE070M47L,0.25%,50 ppm/°C,150V,0805,2012,RT0805CRE07,https://www.trustedparts.com/en/search/RT0805CRE070M47L
R_RT0805CRE070M475L,R,47.5 kΩ,resistor_footprints:R_0805_2012Metric,https://www.yageo.com/en/ProductSearch/PartNumberSearch?part_number=RT0805CRE070M475L,RES SMD 47.5 kΩ 0.25% 0805 150V,Yageo,RT0805CRE070M475L,0.25%,50 ppm/°C,150V,0805,2012,RT0805CRE07,https://www.trustedparts.com/en/search/RT0805CRE070M475L
R_RT0805CRE070M487L,R,48.7 kΩ,resistor_footprints:R_0805_2012Metric,https://www.yageo.com/en/ProductSearch/PartNumberSearch?part_number=RT0805CRE070M487L,RES SMD 48.7 kΩ 0.25% 0805 150V,Yageo,RT0805CRE070M487L,0.25%,50 ppm/°C,150V,0805,2012,RT0805CRE07,https://www.trustedparts.com/en/search/RT0805CRE070M487L
R_RT0805CRE070M499L,R,49.9 kΩ,resistor_footprints:R_0805_2012Metric,https://www.yageo.com/en/ProductSearch/PartNumberSearch?part_number=RT0805CRE070M499L,RES SMD 49.9 kΩ 0.25% 0805 150V,Yageo,RT0805CRE070M499L,0.25%,50 ppm/°C,150V,0805,2012,RT0805CRE07,https://www.trustedparts.com/en/search/RT0805CRE070M499L
R_RT0805CRE070M51L,R,51 kΩ,resistor_footprints:R_0805_2012Metric,https://www.yageo.com/en/ProductSearch/PartNumberSearch?part_number=RT0805CRE070M51L,RES SMD 51 kΩ 0.25% 0805 150V,Yageo,RT0805CRE070M51L,0.25%,50 ppm/°C,150V,0805,2012,RT0805CRE07,https://www.trustedparts.com/en/search/RT0805CRE070M51L
R_RT0805CRE070M511L,R,51.1 kΩ,resistor_footprints:R_0805_2012Metric,https://www.yageo.com/en/ProductSearch/PartNumberSearch?part_number=RT0805CRE070M511L,RES SMD 51.1 kΩ 0.25% 0805 150V,Yageo,RT0805CRE070M511L,0.25%,50 ppm/°C,150V,0805,2012,RT0805CRE07,https://www.trustedparts.com/en/search/RT0805CRE070M511L
R_RT0805CRE070M523L,R,52.3 kΩ,resistor_footprints:R_0805_2012Metric,https://www.yageo.com/en/ProductSearch/PartNumberSearch?part_number=RT0805CRE070M523L,RES SMD 52.3 kΩ 0.25% 0805 150V,Yageo,RT0805CRE070M523L,0.25%,50 ppm/°C,150V,0805,2012,RT0805CRE07,https://www.trustedparts.com/en/search/RT0805CRE070M523L
R_RT0805CRE070M536L,R,53.6 kΩ,resistor_footprints:R_0805_2012Metric,https://www.yageo.com/en/ProductSearch/PartNumberSearch?part_number=RT0805CRE070M536L,RES SMD 53.6 kΩ 0.25% 0805 150V,Yageo,RT0805CRE070M536L,0.25%,50 ppm/°C,150V,0805,2012,RT0805CRE07,https://www.trustedparts.com/en/search/RT0805CRE070M536L
R_RT0805CRE070M549L,R,54.9 kΩ,resistor_footprints:R_0805_2012Metric,https://www.yageo.com/en/ProductSearch/PartNumberSearch?part_number=RT0805CRE070M549L,RES SMD 54.9 kΩ 0.25% 0805 150V,Yageo,RT0805CRE070M549L,0.25%,50 ppm/°C,150V,0805,2012,RT0805CRE07,https://www.trustedparts.com/en/search/RT0805CRE070M549L
R_RT0805CRE070M56L,R,56 kΩ,resistor_footprints:R_0805_2012Metric,https://www.yageo.com/en/ProductSearch/PartNumberSearch?part_number=RT0805CRE070M56L,RES SMD 56 kΩ 0.25% 0805 150V,Yageo,RT0805CRE070M56L,0.25%,50 ppm/°C,150V,0805,2012,RT0805CRE07,https://www.trustedparts.com/en/search/RT0805CRE070M56L
R_RT0805CRE070M562L,R,56.2 kΩ,resistor_footprints:R_0805_2012Metric,https://www.yageo.com/en/ProductSearch/PartNumberSearch?part_number=RT0805CRE070M562L,RES SMD 56.2 kΩ 0.25% 0805 150V,Yageo,RT0805CRE070M562L,0.25%,50 ppm/°C,150V,0805,2012,RT0805CRE07,https://www.trustedparts.com/en/search/RT0805CRE070M562L
R_RT0805CRE070M576L,R,57.6 kΩ,resistor_footprints:R_0805_2012Metric,https://www.yageo.com/en/ProductSearch/PartNumberSearch?part_number=RT0805CRE070M576L,RES SMD 57.6 kΩ 0.25% 0805 150V,Yageo,RT0805CRE070M576L,0.25%,50 ppm/°C,150V,0805,2012,RT0805CRE07,https://www.trustedparts.com/en/search/RT0805CRE070M576L
R_RT0805CRE070M59L,R,59 kΩ,resistor_footprints:R_0805_2012Metric,https://www.yageo.com/en/ProductSearch/PartNumberSearch?part_number=RT0805CRE070M59L,RES SMD 59 kΩ 0.25% 0805 150V,Yageo,RT0805CRE070M59L,0.25%,50 ppm/°C,150V,0805,2012,RT0805CRE07,https://www.trustedparts.com/en/search/RT0805CRE070M59L
R_RT0805CRE070M604L,R,60.4 kΩ,resistor_footprints:R_0805_2012Metric,https://www.yageo.com/en/ProductSearch/PartNumberSearch?part_number=RT0805CRE070M604L,RES SMD 60.4 kΩ 0.25% 0805 150V,Yageo,RT0805CRE070M604L,0.25%,50 ppm/°C,150V,0805,2012,RT0805CRE07,https://www.trustedparts.com/en/search/RT0805CRE070M604L
R_RT0805CRE070M619L,R,61.9 kΩ,resistor_footprints:R_0805_2012Metric,https://www.yageo.com/en/ProductSearch/PartNumberSearch?part_number=RT0805CRE070M619L,RES SMD 61.9 kΩ 0.25% 0805 150V,Yageo,RT0805CRE070M619L,0.25%,50 ppm/°C,150V,0805,2012,RT0805CRE07,https://www.trustedparts.com/en/search/RT0805CRE070M619L
R_RT0805CRE070M62L,R,62 kΩ,resistor_footprints:R_0805_2012Metric,https://www.yageo.com/en/ProductSearch/PartNumberSearch?part_number=RT0805CRE070M62L,RES SMD 62 kΩ 0.25% 0805 150V,Yageo,RT0805CRE070M62L,0.25%,50 ppm/°C,150V,0805,2012,RT0805CRE07,https://www.trustedparts.com/en/search/RT0805CRE070M62L
R_RT0805CRE070M634L,R,63.4 kΩ,resistor_footprints:R_0805_2012Metric,https://www.yageo.com/en/ProductSearch/PartNumberSearch?part_number=RT0805CRE070M634L,RES SMD 63.4 kΩ 0.25% 0805 150V,Yageo,RT0805CRE070M634L,0.25%,50 ppm/°C,150V,0805,2012,RT0805CRE07,https://www.trustedparts.com/en/search/RT0805CRE070M634L
R_RT0805CRE070M649L,R,64.9 kΩ,resistor_footprints:R_0805_2012Metric,https://www.yageo.com/en/ProductSearch/PartNumberSearch?part_number=RT0805CRE070M649L,RES SMD 64.9 kΩ 0.25% 0805 150V,Yageo,RT0805CRE070M649L,0.25%,50 ppm/°C,150V,0805,2012,RT0805CRE07,https://www.trustedparts.com/en/search/RT0805CRE070M649L
R_RT0805CRE070M665L,R,66.5 kΩ,resistor_footprints:R_0805_2012Metric,https://www.yageo.com/en/ProductSearch/PartNumberSearch?part_number=RT0805CRE070M665L,RES SMD 66.5 kΩ 0.25% 0805 150V,Yageo,RT0805CRE070M665L,0.25%,50 ppm/°C,150V,0805,2012,RT0805CRE07,https://www.trustedparts.com/en/search/RT0805CRE070M665L
R_RT0805CRE070M68L,R,68 kΩ,resistor_footprints:R_0805_2012Metric,https://www.yageo.com/en/ProductSearch/PartNumberSearch?part_number=RT0805CRE070M68L,RES SMD 68 kΩ 0.25% 0805 150V,Yageo,RT0805CRE070M68L,0.25%,50 ppm/°C,150V,0805,2012,RT0805CRE07,https://www.trustedparts.com/en/search/RT0805CRE070M68L
R_RT0805CRE070M681L,R,68.1 kΩ,resistor_footprints:R_0805_2012Metric,https://www.yageo.com/en/ProductSearch/PartNumberSearch?part_number=RT0805CRE070M681L,RES SMD 68.1 kΩ 0.25% 0805 150V,Yageo,RT0805CRE070M681L,0.25%,50 ppm/°C,150V,0805,2012,RT0805CRE07,https://www.trustedparts.com/en/search/RT0805CRE070M681L
R_RT0805CRE070M698L,R,69.8 kΩ,resistor_footprints:R_0805_2012Metric,https://www.yageo.com/en/ProductSearch/PartNumberSearch?part_number=RT0805CRE070M698L,RES SMD 69.8 kΩ 0.25% 0805 150V,Yageo,RT0805CRE070M698L,0.25%,50 ppm/°C,150V,0805,2012,RT0805CRE07,https://www.trustedparts.com/en/search/RT0805CRE070M698L
R_RT0805CRE070M715L,R,71.5 kΩ,resistor_footprints:R_0805_2012Metric,https://www.yageo.com/en/ProductSearch/PartNumberSearch?part_number=RT0805CRE070M715L,RES SMD 71.5 kΩ 0.25% 0805 150V,Yageo,RT0805CRE070M715L,0.25%,50 ppm/°C,150V,0805,2012,RT0805CRE07,https://www.trustedparts.com/en/search/RT0805CRE070M715L
R_RT0805CRE070M732L,R,73.2 kΩ,resistor_footprints:R_0805_2012Metric,https://www.yageo.com/en/ProductSearch/PartNumberSearch?part_number=RT0805CRE070M732L,RES SMD 73.2 kΩ 0.25% 0805 150V,Yageo,RT0805CRE070M732L,0.25%,50 ppm/°C,150V,0805,2012,RT0805CRE07,https://www.trustedparts.com/en/search/RT0805CRE070M732L
R_RT0805CRE070M75L,R,75 kΩ,resistor_footprints:R_0805_2012Metric,https://www.yageo.com/en/ProductSearch/PartNumberSearch?part_number=RT0805CRE070M75L,RES SMD 75 kΩ 0.25% 0805 150V,Yageo,RT0805CRE070M75L,0.25%,50 ppm/°C,150V,0805,2012,RT0805CRE07,https://www.trustedparts.com/en/search/RT0805CRE070M75L
R_RT0805CRE070M768L,R,76.8 kΩ,resistor_footprints:R_0805_2012Metric,https://www.yageo.com/en/ProductSearch/PartNumberSearch?part_number=RT0805CRE070M768L,RES SMD 76.8 kΩ 0.25% 0805 150V,Yageo,RT0805CRE070M768L,0.25%,50 ppm/°C,150V,0805,2012,RT0805CRE07,https://www.trustedparts.com/en/search/RT0805CRE070M768L
R_RT0805CRE070M787L,R,78.7 kΩ,resistor_footprints:R_0805_2012Metric,https://www.yageo.com/en/ProductSearch/PartNumberSearch?part_number=RT0805CRE070M787L,RES SMD 78.7 kΩ 0.25% 0805 150V,Yageo,RT0805CRE070M787L,0.25%,50 ppm/°C,150V,0805,2012,RT0805CRE07,https://www.trustedparts.com/en/search/RT0805CRE070M787L
R_RT0805CRE070M806L,R,80.6 kΩ,resistor_footprints:R_0805_2012Metric,https://www.yageo.com/en/ProductSearch/PartNumberSearch?part_number=RT0805CRE070M806L,RES SMD 80.6 kΩ 0.25% 0805 150V,Yageo,RT0805CRE070M806L,0.25%,50 ppm/°C,150V,0805,2012,RT0805CRE07,https://www.trustedparts.com/en/search/RT0805CRE070M806L
R_RT0805CRE070M82L,R,82 kΩ,resistor_footprints:R_0805_2012Metric,https://www.yageo.com/en/ProductSearch/PartNumberSearch?part_number=RT0805CRE070M82L,RES SMD 82 kΩ 0.25% 0805 150V,Yageo,RT0805CRE070M82L,0.25%,50 ppm/°C,150V,0805,2012,RT0805CRE07,https://www.trustedparts.com/en/search/RT0805CRE070M82L
R_RT0805CRE070M825L,R,82.5 kΩ,resistor_footprints:R_0805_2012Metric,https://www.yageo.com/en/ProductSearch/PartNumberSearch?part_number=RT0805CRE070M825L,RES SMD 82.5 kΩ 0.25% 0805 150V,Yageo,RT0805CRE070M825L,0.25%,50 ppm/°C,150V,0805,2012,RT0805CRE07,https://www.trustedparts.com/en/search/RT0805CRE070M825L
R_RT0805CRE070M845L,R,84.5 kΩ,resistor_footprints:R_0805_2012Metric,https://www.yageo.com/en/ProductSearch/PartNumberSearch?part_number=RT0805CRE070M845L,RES SMD 84.5 kΩ 0.25% 0805 150V,Yageo,RT0805CRE070M845L,0.25%,50 ppm/°C,150V,0805,2012,RT0805CRE07,https://www.trustedparts.com/en/search/RT0805CRE070M845L
R_RT0805CRE070M866L,R,86.6 kΩ,resistor_footprints:R_0805_2012Metric,https://www.yageo.com/en/ProductSearch/PartNumberSearch?part_number=RT0805CRE070M866L,RES SMD 86.6 kΩ 0.25% 0805 150V,Yageo,RT0805CRE070M866L,0.25%,50 ppm/°C,150V,0805,2012,RT0805CRE07,https://www.trustedparts.com/en/search/RT0805CRE070M866L
R_RT0805CRE070M887L,R,88.7 kΩ,resistor_footprints:R_0805_2012Metric,https://www.yageo.com/en/ProductSearch/PartNumberSearch?part_number=RT0805CRE070M887L,RES SMD 88.7 kΩ 0.25% 0805 150V,Yageo,RT0805CRE070M887L,0.25%,50 ppm/°C,150V,0805,2012,RT0805CRE07,https://www.trustedparts.com/en/search/RT0805CRE070M887L
R_RT0805CRE070M909L,R,90.9 kΩ,resistor_footprints:R_0805_2012Metric,https://www.yageo.com/en/ProductSearch/PartNumberSearch?part_number=RT0805CRE070M909L,RES SMD 90.9 kΩ 0.25% 0805 150V,Yageo,RT0805CRE070M909L,0.25%,50 ppm/°C,150V,0805,2012,RT0805CRE07,https://www.trustedparts.com/en/search/RT0805CRE070M909L
R_RT0805CRE070M91L,R,91 kΩ,resistor_footprints:R_0805_2012Metric,https://www.yageo.com/en/ProductSearch/PartNumberSearch?part_number=RT0805CRE070M91L,RES SMD 91 kΩ 0.25% 0805 150V,Yageo,RT0805CRE070M91L,0.25%,50 ppm/°C,150V,0805,2012,RT0805CRE07,https://www.trustedparts.com/en/search/RT0805CRE070M91L
R_RT0805CRE070M931L,R,93.1 kΩ,resistor_footprints:R_0805_2012Metric,https://www.yageo.com/en/ProductSearch/PartNumberSearch?part_number=RT0805CRE070M931L,RES SMD 93.1 kΩ 0.25% 0805 150V,Yageo,RT0805CRE070M931L,0.25%,50 ppm/°C,150V,0805,2012,RT0805CRE07,https://www.trustedparts.com/en/search/RT0805CRE070M931L
R_RT0805CRE070M953L,R,95.3 kΩ,resistor_footprints:R_0805_2012Metric,https://www.yageo.com/en/ProductSearch/PartNumberSearch?part_number=RT0805CRE070M953L,RES SMD 95.3 kΩ 0.25% 0805 150V,Yageo,RT0805CRE070M953L,0.25%,50 ppm/°C,150V,0805,2012,RT0805CRE07,https://www.trustedparts.com/en/search/RT0805CRE070M953L
R_RT0805CRE070M976L,R,97.6 kΩ,resistor_footprints:R_0805_2012Metric,https://www.yageo.com/en/ProductSearch/PartNumberSearch?part_number=RT0805CRE070M976L,RES SMD 97.6 kΩ 0.25% 0805 150V,Yageo,RT0805CRE070M976L,0.25%,50 ppm/°C,150V,0805,2012,RT0805CRE07,https://www.trustedparts.com/en/search/RT0805CRE070M976L
R_RT0805CRE071ML,R,1 MΩ,resistor_footprints:R_0805_2012Metric,https://www.yageo.com/en/ProductSearch/PartNumberSearch?part_number=RT0805CRE071ML,RES SMD 1 MΩ 0.25% 0805 150V,Yageo,RT0805CRE071ML,0.25%,50 ppm/°C,150V,0805,2012,RT0805CRE07,https://www.trustedparts.com/en/search/RT0805CRE071ML
R_RT0805CRE071M2L,R,1.02 MΩ,resistor_footprints:R_0805_2012Metric,https://www.yageo.com/en/ProductSearch/PartNumberSearch?part_number=RT0805CRE071M2L,RES SMD 1.02 MΩ 0.25% 0805 150V,Yageo,RT0805CRE071M2L,0.25%,50 ppm/°C,150V,0805,2012,RT0805CRE07,https://www.trustedparts.com/en/search/RT0805CRE071M2L
R_RT0805CRE071M5L,R,1.05 MΩ,resistor_footprints:R_0805_2012Metric,https://www.yageo.com/en/ProductSearch/PartNumberSearch?part_number=RT0805CRE071M5L,RES SMD 1.05 MΩ 0.25% 0805 150V,Yageo,RT0805CRE071M5L,0.25%,50 ppm/°C,150V,0805,2012,RT0805CRE07,https://www.trustedparts.com/en/search/RT0805CRE071M5L
