Symbol Name,Reference,Value,Footprint,Datasheet,Description,Manufacturer,MPN,Tolerance,Voltage Rating,Case Code - in,Case Code - mm,Series,Trustedparts Search
R_RT0805FRD071RL,R,1 Ω,resistor_footprints:R_0805_2012Metric,https://www.yageo.com/en/ProductSearch/PartNumberSearch?part_number=RT0805FRD071RL,RES SMD 1 Ω 1% 0805 150V,Yageo,RT0805FRD071RL,1%,150V,0805,2012,RT0805FRD07,https://www.trustedparts.com/en/search/RT0805FRD071RL
R_RT0805FRD071R2L,R,1.02 Ω,resistor_footprints:R_0805_2012Metric,https://www.yageo.com/en/ProductSearch/PartNumberSearch?part_number=RT0805FRD071R2L,RES SMD 1.02 Ω 1% 0805 150V,Yageo,RT0805FRD071R2L,1%,150V,0805,2012,RT0805FRD07,https://www.trustedparts.com/en/search/RT0805FRD071R2L
R_RT0805FRD071R5L,R,1.5 Ω,resistor_footprints:R_0805_2012Metric,https://www.yageo.com/en/ProductSearch/PartNumberSearch?part_number=RT0805FRD071R5L,RES SMD 1.5 Ω 1% 0805 150V,Yageo,RT0805FRD071R5L,1%,150V,0805,2012,RT0805FRD07,https://www.trustedparts.com/en/search/RT0805FRD071R5L
R_RT0805FRD072RL,R,2 Ω,resistor_footprints:R_0805_2012Metric,https://www.yageo.com/en/ProductSearch/PartNumberSearch?part_number=RT0805FRD072RL,RES SMD 2 Ω 1% 0805 150V,Yageo,RT0805FRD072RL,1%,150V,0805,2012,RT0805FRD07,https://www.trustedparts.com/en/search/RT0805FRD072RL
R_RT0805FRD072R2L,R,2.2 Ω,resistor_footprints:R_0805_2012Metric,https://www.yageo.com/en/ProductSearch/PartNumberSearch?part_number=RT0805FRD072R2L,RES SMD 2.2 Ω 1% 0805 150V,Yageo,RT0805FRD072R2L,1%,150V,0805,2012,RT0805FRD07,https://www.trustedparts.com/en/search/RT0805FRD072R2L
R_RT0805FRD072R43L,R,2.43 Ω,resistor_footprints:R_0805_2012Metric,https://www.yageo.com/en/ProductSearch/PartNumberSearch?part_number=RT0805FRD072R43L,RES SMD 2.43 Ω 1% 0805 150V,Yageo,RT0805FRD072R43L,1%,150V,0805,2012,RT0805FRD07,https://www.trustedparts.com/en/search/RT0805FRD072R43L
R_RT0805FRD073RL,R,3 Ω,resistor_footprints:R_0805_2012Metric,https://www.yageo.com/en/ProductSearch/PartNumberSearch?part_number=RT0805FRD073RL,RES SMD 3 Ω 1% 0805 150V,Yageo,RT0805FRD073RL,1%,150V,0805,2012,RT0805FRD07,https://www.trustedparts.com/en/search/RT0805FRD073RL
R_RT0805FRD073R3L,R,3.3 Ω,resistor_footprints:R_0805_2012Metric,https://www.yageo.com/en/ProductSearch/PartNumberSearch?part_number=RT0805FRD073R3L,RES SMD 3.3 Ω 1% 0805 150V,Yageo,RT0805FRD073R3L,1%,150V,0805,2012,RT0805FRD07,https://www.trustedparts.com/en/search/RT0805FRD073R3L
R_RT0805FRD073R6L,R,3.6 Ω,resistor_footprints:R_0805_2012Metric,https://www.yageo.com/en/ProductSearch/PartNumberSearch?part_number=RT0805FRD073R6L,RES SMD 3.6 Ω 1% 0805 150V,Yageo,RT0805FRD073R6L,1%,150V,0805,2012,RT0805FRD07,https://www.trustedparts.com/en/search/RT0805FRD073R6L
R_RT0805FRD073R9L,R,3.9 Ω,resistor_footprints:R_0805_2012Metric,https://www.yageo.com/en/ProductSearch/PartNumberSearch?part_number=RT0805FRD073R9L,RES SMD 3.9 Ω 1% 0805 150V,Yageo,RT0805FRD073R9L,1%,150V,0805,2012,RT0805FRD07,https://www.trustedparts.com/en/search/RT0805FRD073R9L
R_RT0805FRD074R7L,R,4.7 Ω,resistor_footprints:R_0805_2012Metric,https://www.yageo.com/en/ProductSearch/PartNumberSearch?part_number=RT0805FRD074R7L,RES SMD 4.7 Ω 1% 0805 150V,Yageo,RT0805FRD074R7L,1%,150V,0805,2012,RT0805FRD07,https://www.trustedparts.com/en/search/RT0805FRD074R7L
R_RT0805FRD074R75L,R,4.75 Ω,resistor_footprints:R_0805_2012Metric,https://www.yageo.com/en/ProductSearch/PartNumberSearch?part_number=RT0805FRD074R75L,RES SMD 4.75 Ω 1% 0805 150V,Yageo,RT0805FRD074R75L,1%,150V,0805,2012,RT0805FRD07,https://www.trustedparts.com/en/search/RT0805FRD074R75L
R_RT0805FRD075R1L,R,5.1 Ω,resistor_footprints:R_0805_2012Metric,https://www.yageo.com/en/ProductSearch/PartNumberSearch?part_number=RT0805FRD075R1L,RES SMD 5.1 Ω 1% 0805 150V,Yageo,RT0805FRD075R1L,1%,150V,0805,2012,RT0805FRD07,https://www.trustedparts.com/en/search/RT0805FRD075R1L
R_RT0805FRD076R2L,R,6.2 Ω,resistor_footprints:R_0805_2012Metric,https://www.yageo.com/en/ProductSearch/PartNumberSearch?part_number=RT0805FRD076R2L,RES SMD 6.2 Ω 1% 0805 150V,Yageo,RT0805FRD076R2L,1%,150V,0805,2012,RT0805FRD07,https://www.trustedparts.com/en/search/RT0805FRD076R2L
R_RT0805FRD076R65L,R,6.65 Ω,resistor_footprints:R_0805_2012Metric,https://www.yageo.com/en/ProductSearch/PartNumberSearch?part_number=RT0805FRD076R65L,RES SMD 6.65 Ω 1% 0805 150V,Yageo,RT0805FRD076R65L,1%,150V,0805,2012,RT0805FRD07,https://www.trustedparts.com/en/search/RT0805FRD076R65L
R_RT0805FRD076R8L,R,6.8 Ω,resistor_footprints:R_0805_2012Metric,https://www.yageo.com/en/ProductSearch/PartNumberSearch?part_number=RT0805FRD076R8L,RES SMD 6.8 Ω 1% 0805 150V,Yageo,RT0805FRD076R8L,1%,150V,0805,2012,RT0805FRD07,https://www.trustedparts.com/en/search/RT0805FRD076R8L
R_RT0805FRD077R5L,R,7.5 Ω,resistor_footprints:R_0805_2012Metric,https://www.yageo.com/en/ProductSearch/PartNumberSearch?part_number=RT0805FRD077R5L,RES SMD 7.5 Ω 1% 0805 150V,Yageo,RT0805FRD077R5L,1%,150V,0805,2012,RT0805FRD07,https://www.trustedparts.com/en/search/RT0805FRD077R5L
R_RT0805FRD078R2L,R,8.2 Ω,resistor_footprints:R_0805_2012Metric,https://www.yageo.com/en/ProductSearch/PartNumberSearch?part_number=RT0805FRD078R2L,RES SMD 8.2 Ω 1% 0805 150V,Yageo,RT0805FRD078R2L,1%,150V,0805,2012,RT0805FRD07,https://www.trustedparts.com/en/search/RT0805FRD078R2L
R_RT0805FRD0710RL,R,10 Ω,resistor_footprints:R_0805_2012Metric,https://www.yageo.com/en/ProductSearch/PartNumberSearch?part_number=RT0805FRD0710RL,RES SMD 10 Ω 1% 0805 150V,Yageo,RT0805FRD0710RL,1%,150V,0805,2012,RT0805FRD07,https://www.trustedparts.com/en/search/RT0805FRD0710RL
R_RT0805FRD0711RL,R,11 Ω,resistor_footprints:R_0805_2012Metric,https://www.yageo.com/en/ProductSearch/PartNumberSearch?part_number=RT0805FRD0711RL,RES SMD 11 Ω 1% 0805 150V,Yageo,RT0805FRD0711RL,1%,150V,0805,2012,RT0805FRD07,https://www.trustedparts.com/en/search/RT0805FRD0711RL
R_RT0805FRD0712RL,R,12 Ω,resistor_footprints:R_0805_2012Metric,https://www.yageo.com/en/ProductSearch/PartNumberSearch?part_number=RT0805FRD0712RL,RES SMD 12 Ω 1% 0805 150V,Yageo,RT0805FRD0712RL,1%,150V,0805,2012,RT0805FRD07,https://www.trustedparts.com/en/search/RT0805FRD0712RL
R_RT0805FRD0715RL,R,15 Ω,resistor_footprints:R_0805_2012Metric,https://www.yageo.com/en/ProductSearch/PartNumberSearch?part_number=RT0805FRD0715RL,RES SMD 15 Ω 1% 0805 150V,Yageo,RT0805FRD0715RL,1%,150V,0805,2012,RT0805FRD07,https://www.trustedparts.com/en/search/RT0805FRD0715RL
R_RT0805FRD0716R9L,R,16.9 Ω,resistor_footprints:R_0805_2012Metric,https://www.yageo.com/en/ProductSearch/PartNumberSearch?part_number=RT0805FRD0716R9L,RES SMD 16.9 Ω 1% 0805 150V,Yageo,RT0805FRD0716R9L,1%,150V,0805,2012,RT0805FRD07,https://www.trustedparts.com/en/search/RT0805FRD0716R9L
R_RT0805FRD0718RL,R,18 Ω,resistor_footprints:R_0805_2012Metric,https://www.yageo.com/en/ProductSearch/PartNumberSearch?part_number=RT0805FRD0718RL,RES SMD 18 Ω 1% 0805 150V,Yageo,RT0805FRD0718RL,1%,150V,0805,2012,RT0805FRD07,https://www.trustedparts.com/en/search/RT0805FRD0718RL
R_RT0805FRD0720RL,R,20 Ω,resistor_footprints:R_0805_2012Metric,https://www.yageo.com/en/ProductSearch/PartNumberSearch?part_number=RT0805FRD0720RL,RES SMD 20 Ω 1% 0805 150V,Yageo,RT0805FRD0720RL,1%,150V,0805,2012,RT0805FRD07,https://www.trustedparts.com/en/search/RT0805FRD0720RL
R_RT0805FRD0722RL,R,22 Ω,resistor_footprints:R_0805_2012Metric,https://www.yageo.com/en/ProductSearch/PartNumberSearch?part_number=RT0805FRD0722RL,RES SMD 22 Ω 1% 0805 150V,Yageo,RT0805FRD0722RL,1%,150V,0805,2012,RT0805FRD07,https://www.trustedparts.com/en/search/RT0805FRD0722RL
R_RT0805FRD0724R9L,R,24.9 Ω,resistor_footprints:R_0805_2012Metric,https://www.yageo.com/en/ProductSearch/PartNumberSearch?part_number=RT0805FRD0724R9L,RES SMD 24.9 Ω 1% 0805 150V,Yageo,RT0805FRD0724R9L,1%,150V,0805,2012,RT0805FRD07,https://www.trustedparts.com/en/search/RT0805FRD0724R9L
R_RT0805FRD0727RL,R,27 Ω,resistor_footprints:R_0805_2012Metric,https://www.yageo.com/en/ProductSearch/PartNumberSearch?part_number=RT0805FRD0727RL,RES SMD 27 Ω 1% 0805 150V,Yageo,RT0805FRD0727RL,1%,150V,0805,2012,RT0805FRD07,https://www.trustedparts.com/en/search/RT0805FRD0727RL
R_RT0805FRD0730RL,R,30 Ω,resistor_footprints:R_0805_2012Metric,https://www.yageo.com/en/ProductSearch/PartNumberSearch?part_number=RT0805FRD0730RL,RES SMD 30 Ω 1% 0805 150V,Yageo,RT0805FRD0730RL,1%,150V,0805,2012,RT0805FRD07,https://www.trustedparts.com/en/search/RT0805FRD0730RL
R_RT0805FRD0733RL,R,33 Ω,resistor_footprints:R_0805_2012Metric,https://www.yageo.com/en/ProductSearch/PartNumberSearch?part_number=RT0805FRD0733RL,RES SMD 33 Ω 1% 0805 150V,Yageo,RT0805FRD0733RL,1%,150V,0805,2012,RT0805FRD07,https://www.trustedparts.com/en/search/RT0805FRD0733RL
R_RT0805FRD0736RL,R,36 Ω,resistor_footprints:R_0805_2012Metric,https://www.yageo.com/en/ProductSearch/PartNumberSearch?part_number=RT0805FRD0736RL,RES SMD 36 Ω 1% 0805 150V,Yageo,RT0805FRD0736RL,1%,150V,0805,2012,RT0805FRD07,https://www.trustedparts.com/en/search/RT0805FRD0736RL
R_RT0805FRD0739RL,R,39 Ω,resistor_footprints:R_0805_2012Metric,https://www.yageo.com/en/ProductSearch/PartNumberSearch?part_number=RT0805FRD0739RL,RES SMD 39 Ω 1% 0805 150V,Yageo,RT0805FRD0739RL,1%,150V,0805,2012,RT0805FRD07,https://www.trustedparts.com/en/search/RT0805FRD0739RL
R_RT0805FRD0747RL,R,47 Ω,resistor_footprints:R_0805_2012Metric,https://www.yageo.com/en/ProductSearch/PartNumberSearch?part_number=RT0805FRD0747RL,RES SMD 47 Ω 1% 0805 150V,Yageo,RT0805FRD0747RL,1%,150V,0805,2012,RT0805FRD07,https://www.trustedparts.com/en/search/RT0805FRD0747RL
R_RT0805FRD0747R5L,R,47.5 Ω,resistor_footprints:R_0805_2012Metric,https://www.yageo.com/en/ProductSearch/PartNumberSearch?part_number=RT0805FRD0747R5L,RES SMD 47.5 Ω 1% 0805 150V,Yageo,RT0805FRD0747R5L,1%,150V,0805,2012,RT0805FRD07,https://www.trustedparts.com/en/search/RT0805FRD0747R5L
R_RT0805FRD0749R9L,R,49.9 Ω,resistor_footprints:R_0805_2012Metric,https://www.yageo.com/en/ProductSearch/PartNumberSearch?part_number=RT0805FRD0749R9L,RES SMD 49.9 Ω 1% 0805 150V,Yageo,RT0805FRD0749R9L,1%,150V,0805,2012,RT0805FRD07,https://www.trustedparts.com/en/search/RT0805FRD0749R9L
R_RT0805FRD0751RL,R,51 Ω,resistor_footprints:R_0805_2012Metric,https://www.yageo.com/en/ProductSearch/PartNumberSearch?part_number=RT0805FRD0751RL,RES SMD 51 Ω 1% 0805 150V,Yageo,RT0805FRD0751RL,1%,150V,0805,2012,RT0805FRD07,https://www.trustedparts.com/en/search/RT0805FRD0751RL
R_RT0805FRD0751R1L,R,51.1 Ω,resistor_footprints:R_0805_2012Metric,https://www.yageo.com/en/ProductSearch/PartNumberSearch?part_number=RT0805FRD0751R1L,RES SMD 51.1 Ω 1% 0805 150V,Yageo,RT0805FRD0751R1L,1%,150V,0805,2012,RT0805FRD07,https://www.trustedparts.com/en/search/RT0805FRD0751R1L
R_RT0805FRD0762RL,R,62 Ω,resistor_footprints:R_0805_2012Metric,https://www.yageo.com/en/ProductSearch/PartNumberSearch?part_number=RT0805FRD0762RL,RES SMD 62 Ω 1% 0805 150V,Yageo,RT0805FRD0762RL,1%,150V,0805,2012,RT0805FRD07,https://www.trustedparts.com/en/search/RT0805FRD0762RL
R_RT0805FRD0768RL,R,68 Ω,resistor_footprints:R_0805_2012Metric,https://www.yageo.com/en/ProductSearch/PartNumberSearch?part_number=RT0805FRD0768RL,RES SMD 68 Ω 1% 0805 150V,Yageo,RT0805FRD0768RL,1%,150V,0805,2012,RT0805FRD07,https://www.trustedparts.com/en/search/RT0805FRD0768RL
R_RT0805FRD0775RL,R,75 Ω,resistor_footprints:R_0805_2012Metric,https://www.yageo.com/en/ProductSearch/PartNumberSearch?part_number=RT0805FRD0775RL,RES SMD 75 Ω 1% 0805 150V,Yageo,RT0805FRD0775RL,1%,150V,0805,2012,RT0805FRD07,https://www.trustedparts.com/en/search/RT0805FRD0775RL
R_RT0805FRD0791RL,R,91 Ω,resistor_footprints:R_0805_2012Metric,https://www.yageo.com/en/ProductSearch/PartNumberSearch?part_number=RT0805FRD0791RL,RES SMD 91 Ω 1% 0805 150V,Yageo,RT0805FRD0791RL,1%,150V,0805,2012,RT0805FRD07,https://www.trustedparts.com/en/search/RT0805FRD0791RL
R_RT0805FRD07100RL,R,100 Ω,resistor_footprints:R_0805_2012Metric,https://www.yageo.com/en/ProductSearch/PartNumberSearch?part_number=RT0805FRD07100RL,RES SMD 100 Ω 1% 0805 150V,Yageo,RT0805FRD07100RL,1%,150V,0805,2012,RT0805FRD07,https://www.trustedparts.com/en/search/RT0805FRD07100RL
R_RT0805FRD07120RL,R,120 Ω,resistor_footprints:R_0805_2012Metric,https://www.yageo.com/en/ProductSearch/PartNumberSearch?part_number=RT0805FRD07120RL,RES SMD 120 Ω 1% 0805 150V,Yageo,RT0805FRD07120RL,1%,150V,0805,2012,RT0805FRD07,https://www.trustedparts.com/en/search/RT0805FRD07120RL
R_RT0805FRD07150RL,R,150 Ω,resistor_footprints:R_0805_2012Metric,https://www.yageo.com/en/ProductSearch/PartNumberSearch?part_number=RT0805FRD07150RL,RES SMD 150 Ω 1% 0805 150V,Yageo,RT0805FRD07150RL,1%,150V,0805,2012,RT0805FRD07,https://www.trustedparts.com/en/search/RT0805FRD07150RL
R_RT0805FRD07158RL,R,158 Ω,resistor_footprints:R_0805_2012Metric,https://www.yageo.com/en/ProductSearch/PartNumberSearch?part_number=RT0805FRD07158RL,RES SMD 158 Ω 1% 0805 150V,Yageo,RT0805FRD07158RL,1%,150V,0805,2012,RT0805FRD07,https://www.trustedparts.com/en/search/RT0805FRD07158RL
R_RT0805FRD07200RL,R,200 Ω,resistor_footprints:R_0805_2012Metric,https://www.yageo.com/en/ProductSearch/PartNumberSearch?part_number=RT0805FRD07200RL,RES SMD 200 Ω 1% 0805 150V,Yageo,RT0805FRD07200RL,1%,150V,0805,2012,RT0805FRD07,https://www.trustedparts.com/en/search/RT0805FRD07200RL
R_RT0805FRD07205RL,R,205 Ω,resistor_footprints:R_0805_2012Metric,https://www.yageo.com/en/ProductSearch/PartNumberSearch?part_number=RT0805FRD07205RL,RES SMD 205 Ω 1% 0805 150V,Yageo,RT0805FRD07205RL,1%,150V,0805,2012,RT0805FRD07,https://www.trustedparts.com/en/search/RT0805FRD07205RL
R_RT0805FRD07210RL,R,210 Ω,resistor_footprints:R_0805_2012Metric,https://www.yageo.com/en/ProductSearch/PartNumberSearch?part_number=RT0805FRD07210RL,RES SMD 210 Ω 1% 0805 150V,Yageo,RT0805FRD07210RL,1%,150V,0805,2012,RT0805FRD07,https://www.trustedparts.com/en/search/RT0805FRD07210RL
R_RT0805FRD07220RL,R,220 Ω,resistor_footprints:R_0805_2012Metric,https://www.yageo.com/en/ProductSearch/PartNumberSearch?part_number=RT0805FRD07220RL,RES SMD 220 Ω 1% 0805 150V,Yageo,RT0805FRD07220RL,1%,150V,0805,2012,RT0805FRD07,https://www.trustedparts.com/en/search/RT0805FRD07220RL
R_RT0805FRD07221RL,R,221 Ω,resistor_footprints:R_0805_2012Metric,https://www.yageo.com/en/ProductSearch/PartNumberSearch?part_number=RT0805FRD07221RL,RES SMD 221 Ω 1% 0805 150V,Yageo,RT0805FRD07221RL,1%,150V,0805,2012,RT0805FRD07,https://www.trustedparts.com/en/search/RT0805FRD07221RL
R_RT0805FRD07240RL,R,240 Ω,resistor_footprints:R_0805_2012Metric,https://www.yageo.com/en/ProductSearch/PartNumberSearch?part_number=RT0805FRD07240RL,RES SMD 240 Ω 1% 0805 150V,Yageo,RT0805FRD07240RL,1%,150V,0805,2012,RT0805FRD07,https://www.trustedparts.com/en/search/RT0805FRD07240RL
R_RT0805FRD07249RL,R,249 Ω,resistor_footprints:R_0805_2012Metric,https://www.yageo.com/en/ProductSearch/PartNumberSearch?part_number=RT0805FRD07249RL,RES SMD 249 Ω 1% 0805 150V,Yageo,RT0805FRD07249RL,1%,150V,0805,2012,RT0805FRD07,https://www.trustedparts.com/en/search/RT0805FRD07249RL
R_RT0805FRD07270RL,R,270 Ω,resistor_footprints:R_0805_2012Metric,https://www.yageo.com/en/ProductSearch/PartNumberSearch?part_number=RT0805FRD07270RL,RES SMD 270 Ω 1% 0805 150V,Yageo,RT0805FRD07270RL,1%,150V,0805,2012,RT0805FRD07,https://www.trustedparts.com/en/search/RT0805FRD07270RL
R_RT0805FRD07300RL,R,300 Ω,resistor_footprints:R_0805_2012Metric,https://www.yageo.com/en/ProductSearch/PartNumberSearch?part_number=RT0805FRD07300RL,RES SMD 300 Ω 1% 0805 150V,Yageo,RT0805FRD07300RL,1%,150V,0805,2012,RT0805FRD07,https://www.trustedparts.com/en/search/RT0805FRD07300RL
R_RT0805FRD07301RL,R,301 Ω,resistor_footprints:R_0805_2012Metric,https://www.yageo.com/en/ProductSearch/PartNumberSearch?part_number=RT0805FRD07301RL,RES SMD 301 Ω 1% 0805 150V,Yageo,RT0805FRD07301RL,1%,150V,0805,2012,RT0805FRD07,https://www.trustedparts.com/en/search/RT0805FRD07301RL
R_RT0805FRD07330RL,R,330 Ω,resistor_footprints:R_0805_2012Metric,https://www.yageo.com/en/ProductSearch/PartNumberSearch?part_number=RT0805FRD07330RL,RES SMD 330 Ω 1% 0805 150V,Yageo,RT0805FRD07330RL,1%,150V,0805,2012,RT0805FRD07,https://www.trustedparts.com/en/search/RT0805FRD07330RL
R_RT0805FRD07390RL,R,390 Ω,resistor_footprints:R_0805_2012Metric,https://www.yageo.com/en/ProductSearch/PartNumberSearch?part_number=RT0805FRD07390RL,RES SMD 390 Ω 1% 0805 150V,Yageo,RT0805FRD07390RL,1%,150V,0805,2012,RT0805FRD07,https://www.trustedparts.com/en/search/RT0805FRD07390RL
R_RT0805FRD07470RL,R,470 Ω,resistor_footprints:R_0805_2012Metric,https://www.yageo.com/en/ProductSearch/PartNumberSearch?part_number=RT0805FRD07470RL,RES SMD 470 Ω 1% 0805 150V,Yageo,RT0805FRD07470RL,1%,150V,0805,2012,RT0805FRD07,https://www.trustedparts.com/en/search/RT0805FRD07470RL
R_RT0805FRD07475RL,R,475 Ω,resistor_footprints:R_0805_2012Metric,https://www.yageo.com/en/ProductSearch/PartNumberSearch?part_number=RT0805FRD07475RL,RES SMD 475 Ω 1% 0805 150V,Yageo,RT0805FRD07475RL,1%,150V,0805,2012,RT0805FRD07,https://www.trustedparts.com/en/search/RT0805FRD07475RL
R_RT0805FRD07499RL,R,499 Ω,resistor_footprints:R_0805_2012Metric,https://www.yageo.com/en/ProductSearch/PartNumberSearch?part_number=RT0805FRD07499RL,RES SMD 499 Ω 1% 0805 150V,Yageo,RT0805FRD07499RL,1%,150V,0805,2012,RT0805FRD07,https://www.trustedparts.com/en/search/RT0805FRD07499RL
R_RT0805FRD07510RL,R,510 Ω,resistor_footprints:R_0805_2012Metric,https://www.yageo.com/en/ProductSearch/PartNumberSearch?part_number=RT0805FRD07510RL,RES SMD 510 Ω 1% 0805 150V,Yageo,RT0805FRD07510RL,1%,150V,0805,2012,RT0805FRD07,https://www.trustedparts.com/en/search/RT0805FRD07510RL
R_RT0805FRD07511RL,R,511 Ω,resistor_footprints:R_0805_2012Metric,https://www.yageo.com/en/ProductSearch/PartNumberSearch?part_number=RT0805FRD07511RL,RES SMD 511 Ω 1% 0805 150V,Yageo,RT0805FRD07511RL,1%,150V,0805,2012,RT0805FRD07,https://www.trustedparts.com/en/search/RT0805FRD07511RL
R_RT0805FRD07560RL,R,560 Ω,resistor_footprints:R_0805_2012Metric,https://www.yageo.com/en/ProductSearch/PartNumberSearch?part_number=RT0805FRD07560RL,RES SMD 560 Ω 1% 0805 150V,Yageo,RT0805FRD07560RL,1%,150V,0805,2012,RT0805FRD07,https://www.trustedparts.com/en/search/RT0805FRD07560RL
R_RT0805FRD07562RL,R,562 Ω,resistor_footprints:R_0805_2012Metric,https://www.yageo.com/en/ProductSearch/PartNumberSearch?part_number=RT0805FRD07562RL,RES SMD 562 Ω 1% 0805 150V,Yageo,RT0805FRD07562RL,1%,150V,0805,2012,RT0805FRD07,https://www.trustedparts.com/en/search/RT0805FRD07562RL
R_RT0805FRD07634RL,R,634 Ω,resistor_footprints:R_0805_2012Metric,https://www.yageo.com/en/ProductSearch/PartNumberSearch?part_number=RT0805FRD07634RL,RES SMD 634 Ω 1% 0805 150V,Yageo,RT0805FRD07634RL,1%,150V,0805,2012,RT0805FRD07,https://www.trustedparts.com/en/search/RT0805FRD07634RL
R_RT0805FRD07665RL,R,665 Ω,resistor_footprints:R_0805_2012Metric,https://www.yageo.com/en/ProductSearch/PartNumberSearch?part_number=RT0805FRD07665RL,RES SMD 665 Ω 1% 0805 150V,Yageo,RT0805FRD07665RL,1%,150V,0805,2012,RT0805FRD07,https://www.trustedparts.com/en/search/RT0805FRD07665RL
R_RT0805FRD07680RL,R,680 Ω,resistor_footprints:R_0805_2012Metric,https://www.yageo.com/en/ProductSearch/PartNumberSearch?part_number=RT0805FRD07680RL,RES SMD 680 Ω 1% 0805 150V,Yageo,RT0805FRD07680RL,1%,150V,0805,2012,RT0805FRD07,https://www.trustedparts.com/en/search/RT0805FRD07680RL
R_RT0805FRD07750RL,R,750 Ω,resistor_footprints:R_0805_2012Metric,https://www.yageo.com/en/ProductSearch/PartNumberSearch?part_number=RT0805FRD07750RL,RES SMD 750 Ω 1% 0805 150V,Yageo,RT0805FRD07750RL,1%,150V,0805,2012,RT0805FRD07,https://www.trustedparts.com/en/search/RT0805FRD07750RL
R_RT0805FRD07787RL,R,787 Ω,resistor_footprints:R_0805_2012Metric,https://www.yageo.com/en/ProductSearch/PartNumberSearch?part_number=RT0805FRD07787RL,RES SMD 787 Ω 1% 0805 150V,Yageo,RT0805FRD07787RL,1%,150V,0805,2012,RT0805FRD07,https://www.trustedparts.com/en/search/RT0805FRD07787RL
R_RT0805FRD07820RL,R,820 Ω,resistor_footprints:R_0805_2012Metric,https://www.yageo.com/en/ProductSearch/PartNumberSearch?part_number=RT0805FRD07820RL,RES SMD 820 Ω 1% 0805 150V,Yageo,RT0805FRD07820RL,1%,150V,0805,2012,RT0805FRD07,https://www.trustedparts.com/en/search/RT0805FRD07820RL
R_RT0805FRD07825RL,R,825 Ω,resistor_footprints:R_0805_2012Metric,https://www.yageo.com/en/ProductSearch/PartNumberSearch?part_number=RT0805FRD07825RL,RES SMD 825 Ω 1% 0805 150V,Yageo,RT0805FRD07825RL,1%,150V,0805,2012,RT0805FRD07,https://www.trustedparts.com/en/search/RT0805FRD07825RL
R_RT0805FRD07887RL,R,887 Ω,resistor_footprints:R_0805_2012Metric,https://www.yageo.com/en/ProductSearch/PartNumberSearch?part_number=RT0805FRD07887RL,RES SMD 887 Ω 1% 0805 150V,Yageo,RT0805FRD07887RL,1%,150V,0805,2012,RT0805FRD07,https://www.trustedparts.com/en/search/RT0805FRD07887RL
R_RT0805FRD07910RL,R,910 Ω,resistor_footprints:R_0805_2012Metric,https://www.yageo.com/en/ProductSearch/PartNumberSearch?part_number=RT0805FRD07910RL,RES SMD 910 Ω 1% 0805 150V,Yageo,RT0805FRD07910RL,1%,150V,0805,2012,RT0805FRD07,https://www.trustedparts.com/en/search/RT0805FRD07910RL
R_RT0805FRD071KL,R,1 kΩ,resistor_footprints:R_0805_2012Metric,https://www.yageo.com/en/ProductSearch/PartNumberSearch?part_number=RT0805FRD071KL,RES SMD 1 kΩ 1% 0805 150V,Yageo,RT0805FRD071KL,1%,150V,0805,2012,RT0805FRD07,https://www.trustedparts.com/en/search/RT0805FRD071KL
R_RT0805FRD071K2L,R,1.2 kΩ,resistor_footprints:R_0805_2012Metric,https://www.yageo.com/en/ProductSearch/PartNumberSearch?part_number=RT0805FRD071K2L,RES SMD 1.2 kΩ 1% 0805 150V,Yageo,RT0805FRD071K2L,1%,150V,0805,2012,RT0805FRD07,https://www.trustedparts.com/en/search/RT0805FRD071K2L
R_RT0805FRD071K21L,R,1.21 kΩ,resistor_footprints:R_0805_2012Metric,https://www.yageo.com/en/ProductSearch/PartNumberSearch?part_number=RT0805FRD071K21L,RES SMD 1.21 kΩ 1% 0805 150V,Yageo,RT0805FRD071K21L,1%,150V,0805,2012,RT0805FRD07,https://www.trustedparts.com/en/search/RT0805FRD071K21L
R_RT0805FRD071K3L,R,1.3 kΩ,resistor_footprints:R_0805_2012Metric,https://www.yageo.com/en/ProductSearch/PartNumberSearch?part_number=RT0805FRD071K3L,RES SMD 1.3 kΩ 1% 0805 150V,Yageo,RT0805FRD071K3L,1%,150V,0805,2012,RT0805FRD07,https://www.trustedparts.com/en/search/RT0805FRD071K3L
R_RT0805FRD071K5L,R,1.5 kΩ,resistor_footprints:R_0805_2012Metric,https://www.yageo.com/en/ProductSearch/PartNumberSearch?part_number=RT0805FRD071K5L,RES SMD 1.5 kΩ 1% 0805 150V,Yageo,RT0805FRD071K5L,1%,150V,0805,2012,RT0805FRD07,https://www.trustedparts.com/en/search/RT0805FRD071K5L
R_RT0805FRD071K6L,R,1.6 kΩ,resistor_footprints:R_0805_2012Metric,https://www.yageo.com/en/ProductSearch/PartNumberSearch?part_number=RT0805FRD071K6L,RES SMD 1.6 kΩ 1% 0805 150V,Yageo,RT0805FRD071K6L,1%,150V,0805,2012,RT0805FRD07,https://www.trustedparts.com/en/search/RT0805FRD071K6L
R_RT0805FRD071K8L,R,1.8 kΩ,resistor_footprints:R_0805_2012Metric,https://www.yageo.com/en/ProductSearch/PartNumberSearch?part_number=RT0805FRD071K8L,RES SMD 1.8 kΩ 1% 0805 150V,Yageo,RT0805FRD071K8L,1%,150V,0805,2012,RT0805FRD07,https://www.trustedparts.com/en/search/RT0805FRD071K8L
R_RT0805FRD071K91L,R,1.91 kΩ,resistor_footprints:R_0805_2012Metric,https://www.yageo.com/en/ProductSearch/PartNumberSearch?part_number=RT0805FRD071K91L,RES SMD 1.91 kΩ 1% 0805 150V,Yageo,RT0805FRD071K91L,1%,150V,0805,2012,RT0805FRD07,https://www.trustedparts.com/en/search/RT0805FRD071K91L
R_RT0805FRD072KL,R,2 kΩ,resistor_footprints:R_0805_2012Metric,https://www.yageo.com/en/ProductSearch/PartNumberSearch?part_number=RT0805FRD072KL,RES SMD 2 kΩ 1% 0805 150V,Yageo,RT0805FRD072KL,1%,150V,0805,2012,RT0805FRD07,https://www.trustedparts.com/en/search/RT0805FRD072KL
R_RT0805FRD072K2L,R,2.2 kΩ,resistor_footprints:R_0805_2012Metric,https://www.yageo.com/en/ProductSearch/PartNumberSearch?part_number=RT0805FRD072K2L,RES SMD 2.2 kΩ 1% 0805 150V,Yageo,RT0805FRD072K2L,1%,150V,0805,2012,RT0805FRD07,https://www.trustedparts.com/en/search/RT0805FRD072K2L
R_RT0805FRD072K49L,R,2.49 kΩ,resistor_footprints:R_0805_2012Metric,https://www.yageo.com/en/ProductSearch/PartNumberSearch?part_number=RT0805FRD072K49L,RES SMD 2.49 kΩ 1% 0805 150V,Yageo,RT0805FRD072K49L,1%,150V,0805,2012,RT0805FRD07,https://www.trustedparts.com/en/search/RT0805FRD072K49L
R_RT0805FRD072K7L,R,2.7 kΩ,resistor_footprints:R_0805_2012Metric,https://www.yageo.com/en/ProductSearch/PartNumberSearch?part_number=RT0805FRD072K7L,RES SMD 2.7 kΩ 1% 0805 150V,Yageo,RT0805FRD072K7L,1%,150V,0805,2012,RT0805FRD07,https://www.trustedparts.com/en/search/RT0805FRD072K7L
R_RT0805FRD073KL,R,3 kΩ,resistor_footprints:R_0805_2012Metric,https://www.yageo.com/en/ProductSearch/PartNumberSearch?part_number=RT0805FRD073KL,RES SMD 3 kΩ 1% 0805 150V,Yageo,RT0805FRD073KL,1%,150V,0805,2012,RT0805FRD07,https://www.trustedparts.com/en/search/RT0805FRD073KL
R_RT0805FRD073K3L,R,3.3 kΩ,resistor_footprints:R_0805_2012Metric,https://www.yageo.com/en/ProductSearch/PartNumberSearch?part_number=RT0805FRD073K3L,RES SMD 3.3 kΩ 1% 0805 150V,Yageo,RT0805FRD073K3L,1%,150V,0805,2012,RT0805FRD07,https://www.trustedparts.com/en/search/RT0805FRD073K3L
R_RT0805FRD073K32L,R,3.32 kΩ,resistor_footprints:R_0805_2012Metric,https://www.yageo.com/en/ProductSearch/PartNumberSearch?part_number=RT0805FRD073K32L,RES SMD 3.32 kΩ 1% 0805 150V,Yageo,RT0805FRD073K32L,1%,150V,0805,2012,RT0805FRD07,https://www.trustedparts.com/en/search/RT0805FRD073K32L
R_RT0805FRD073K4L,R,3.4 kΩ,resistor_footprints:R_0805_2012Metric,https://www.yageo.com/en/ProductSearch/PartNumberSearch?part_number=RT0805FRD073K4L,RES SMD 3.4 kΩ 1% 0805 150V,Yageo,RT0805FRD073K4L,1%,150V,0805,2012,RT0805FRD07,https://www.trustedparts.com/en/search/RT0805FRD073K4L
R_RT0805FRD073K9L,R,3.9 kΩ,resistor_footprints:R_0805_2012Metric,https://www.yageo.com/en/ProductSearch/PartNumberSearch?part_number=RT0805FRD073K9L,RES SMD 3.9 kΩ 1% 0805 150V,Yageo,RT0805FRD073K9L,1%,150V,0805,2012,RT0805FRD07,https://www.trustedparts.com/en/search/RT0805FRD073K9L
R_RT0805FRD074K3L,R,4.3 kΩ,resistor_footprints:R_0805_2012Metric,https://www.yageo.com/en/ProductSearch/PartNumberSearch?part_number=RT0805FRD074K3L,RES SMD 4.3 kΩ 1% 0805 150V,Yageo,RT0805FRD074K3L,1%,150V,0805,2012,RT0805FRD07,https://www.trustedparts.com/en/search/RT0805FRD074K3L
R_RT0805FRD074K42L,R,4.42 kΩ,resistor_footprints:R_0805_2012Metric,https://www.yageo.com/en/ProductSearch/PartNumberSearch?part_number=RT0805FRD074K42L,RES SMD 4.42 kΩ 1% 0805 150V,Yageo,RT0805FRD074K42L,1%,150V,0805,2012,RT0805FRD07,https://www.trustedparts.com/en/search/RT0805FRD074K42L
R_RT0805FRD074K7L,R,4.7 kΩ,resistor_footprints:R_0805_2012Metric,https://www.yageo.com/en/ProductSearch/PartNumberSearch?part_number=RT0805FRD074K7L,RES SMD 4.7 kΩ 1% 0805 150V,Yageo,RT0805FRD074K7L,1%,150V,0805,2012,RT0805FRD07,https://www.trustedparts.com/en/search/RT0805FRD074K7L
R_RT0805FRD074K99L,R,4.99 kΩ,resistor_footprints:R_0805_2012Metric,https://www.yageo.com/en/ProductSearch/PartNumberSearch?part_number=RT0805FRD074K99L,RES SMD 4.99 kΩ 1% 0805 150V,Yageo,RT0805FRD074K99L,1%,150V,0805,2012,RT0805FRD07,https://www.trustedparts.com/en/search/RT0805FRD074K99L
R_RT0805FRD075K1L,R,5.1 kΩ,resistor_footprints:R_0805_2012Metric,https://www.yageo.com/en/ProductSearch/PartNumberSearch?part_number=RT0805FRD075K1L,RES SMD 5.1 kΩ 1% 0805 150V,Yageo,RT0805FRD075K1L,1%,150V,0805,2012,RT0805FRD07,https://www.trustedparts.com/en/search/RT0805FRD075K1L
R_RT0805FRD075K6L,R,5.6 kΩ,resistor_footprints:R_0805_2012Metric,https://www.yageo.com/en/ProductSearch/PartNumberSearch?part_number=RT0805FRD075K6L,RES SMD 5.6 kΩ 1% 0805 150V,Yageo,RT0805FRD075K6L,1%,150V,0805,2012,RT0805FRD07,https://www.trustedparts.com/en/search/RT0805FRD075K6L
R_RT0805FRD076K8L,R,6.8 kΩ,resistor_footprints:R_0805_2012Metric,https://www.yageo.com/en/ProductSearch/PartNumberSearch?part_number=RT0805FRD076K8L,RES SMD 6.8 kΩ 1% 0805 150V,Yageo,RT0805FRD076K8L,1%,150V,0805,2012,RT0805FRD07,https://www.trustedparts.com/en/search/RT0805FRD076K8L
R_RT0805FRD077K5L,R,7.5 kΩ,resistor_footprints:R_0805_2012Metric,https://www.yageo.com/en/ProductSearch/PartNumberSearch?part_number=RT0805FRD077K5L,RES SMD 7.5 kΩ 1% 0805 150V,Yageo,RT0805FRD077K5L,1%,150V,0805,2012,RT0805FRD07,https://www.trustedparts.com/en/search/RT0805FRD077K5L
R_RT0805FRD078K2L,R,8.2 kΩ,resistor_footprints:R_0805_2012Metric,https://www.yageo.com/en/ProductSearch/PartNumberSearch?part_number=RT0805FRD078K2L,RES SMD 8.2 kΩ 1% 0805 150V,Yageo,RT0805FRD078K2L,1%,150V,0805,2012,RT0805FRD07,https://www.trustedparts.com/en/search/RT0805FRD078K2L
R_RT0805FRD079K1L,R,9.1 kΩ,resistor_footprints:R_0805_2012Metric,https://www.yageo.com/en/ProductSearch/PartNumberSearch?part_number=RT0805FRD079K1L,RES SMD 9.1 kΩ 1% 0805 150V,Yageo,RT0805FRD079K1L,1%,150V,0805,2012,RT0805FRD07,https://www.trustedparts.com/en/search/RT0805FRD079K1L
R_RT0805FRD070M1L,R,10 kΩ,resistor_footprints:R_0805_2012Metric,https://www.yageo.com/en/ProductSearch/PartNumberSearch?part_number=RT0805FRD070M1L,RES SMD 10 kΩ 1% 0805 150V,Yageo,RT0805FRD070M1L,1%,150V,0805,2012,RT0805FRD07,https://www.trustedparts.com/en/search/RT0805FRD070M1L
R_RT0805FRD070M102L,R,10.2 kΩ,resistor_footprints:R_0805_2012Metric,https://www.yageo.com/en/ProductSearch/PartNumberSearch?part_number=RT0805FRD070M102L,RES SMD 10.2 kΩ 1% 0805 150V,Yageo,RT0805FRD070M102L,1%,150V,0805,2012,RT0805FRD07,https://www.trustedparts.com/en/search/RT0805FRD070M102L
R_RT0805FRD070M105L,R,10.5 kΩ,resistor_footprints:R_0805_2012Metric,https://www.yageo.com/en/ProductSearch/PartNumberSearch?part_number=RT0805FRD070M105L,RES SMD 10.5 kΩ 1% 0805 150V,Yageo,RT0805FRD070M105L,1%,150V,0805,2012,RT0805FRD07,https://www.trustedparts.com/en/search/RT0805FRD070M105L
R_RT0805FRD070M107L,R,10.7 kΩ,resistor_footprints:R_0805_2012Metric,https://www.yageo.com/en/ProductSearch/PartNumberSearch?part_number=RT0805FRD070M107L,RES SMD 10.7 kΩ 1% 0805 150V,Yageo,RT0805FRD070M107L,1%,150V,0805,2012,RT0805FRD07,https://www.trustedparts.com/en/search/RT0805FRD070M107L
R_RT0805FRD070M11L,R,11 kΩ,resistor_footprints:R_0805_2012Metric,https://www.yageo.com/en/ProductSearch/PartNumberSearch?part_number=RT0805FRD070M11L,RES SMD 11 kΩ 1% 0805 150V,Yageo,RT0805FRD070M11L,1%,150V,0805,2012,RT0805FRD07,https://www.trustedparts.com/en/search/RT0805FRD070M11L
R_RT0805FRD070M113L,R,11.3 kΩ,resistor_footprints:R_0805_2012Metric,https://www.yageo.com/en/ProductSearch/PartNumberSearch?part_number=RT0805FRD070M113L,RES SMD 11.3 kΩ 1% 0805 150V,Yageo,RT0805FRD070M113L,1%,150V,0805,2012,RT0805FRD07,https://www.trustedparts.com/en/search/RT0805FRD070M113L
R_RT0805FRD070M115L,R,11.5 kΩ,resistor_footprints:R_0805_2012Metric,https://www.yageo.com/en/ProductSearch/PartNumberSearch?part_number=RT0805FRD070M115L,RES SMD 11.5 kΩ 1% 0805 150V,Yageo,RT0805FRD070M115L,1%,150V,0805,2012,RT0805FRD07,https://www.trustedparts.com/en/search/RT0805FRD070M115L
R_RT0805FRD070M118L,R,11.8 kΩ,resistor_footprints:R_0805_2012Metric,https://www.yageo.com/en/ProductSearch/PartNumberSearch?part_number=RT0805FRD070M118L,RES SMD 11.8 kΩ 1% 0805 150V,Yageo,RT0805FRD070M118L,1%,150V,0805,2012,RT0805FRD07,https://www.trustedparts.com/en/search/RT0805FRD070M118L
R_RT0805FRD070M12L,R,12 kΩ,resistor_footprints:R_0805_2012Metric,https://www.yageo.com/en/ProductSearch/PartNumberSearch?part_number=RT0805FRD070M12L,RES SMD 12 kΩ 1% 0805 150V,Yageo,RT0805FRD070M12L,1%,150V,0805,2012,RT0805FRD07,https://www.trustedparts.com/en/search/RT0805FRD070M12L
R_RT0805FRD070M121L,R,12.1 kΩ,resistor_footprints:R_0805_2012Metric,https://www.yageo.com/en/ProductSearch/PartNumberSearch?part_number=RT0805FRD070M121L,RES SMD 12.1 kΩ 1% 0805 150V,Yageo,RT0805FRD070M121L,1%,150V,0805,2012,RT0805FRD07,https://www.trustedparts.com/en/search/RT0805FRD070M121L
R_RT0805FRD070M124L,R,12.4 kΩ,resistor_footprints:R_0805_2012Metric,https://www.yageo.com/en/ProductSearch/PartNumberSearch?part_number=RT0805FRD070M124L,RES SMD 12.4 kΩ 1% 0805 150V,Yageo,RT0805FRD070M124L,1%,150V,0805,2012,RT0805FRD07,https://www.trustedparts.com/en/search/RT0805FRD070M124L
R_RT0805FRD070M127L,R,12.7 kΩ,resistor_footprints:R_0805_2012Metric,https://www.yageo.com/en/ProductSearch/PartNumberSearch?part_number=RT0805FRD070M127L,RES SMD 12.7 kΩ 1% 0805 150V,Yageo,RT0805FRD070M127L,1%,150V,0805,2012,RT0805FRD07,https://www.trustedparts.com/en/search/RT0805FRD070M127L
R_RT0805FRD070M13L,R,13 kΩ,resistor_footprints:R_0805_2012Metric,https://www.yageo.com/en/ProductSearch/PartNumberSearch?part_number=RT0805FRD070M13L,RES SMD 13 kΩ 1% 0805 150V,Yageo,RT0805FRD070M13L,1%,150V,0805,2012,RT0805FRD07,https://www.trustedparts.com/en/search/RT0805FRD070M13L
R_RT0805FRD070M133L,R,13.3 kΩ,resistor_footprints:R_0805_2012Metric,https://www.yageo.com/en/ProductSearch/PartNumberSearch?part_number=RT0805FRD070M133L,RES SMD 13.3 kΩ 1% 0805 150V,Yageo,RT0805FRD070M133L,1%,150V,0805,2012,RT0805FRD07,https://www.trustedparts.com/en/search/RT0805FRD070M133L
R_RT0805FRD070M137L,R,13.7 kΩ,resistor_footprints:R_0805_2012Metric,https://www.yageo.com/en/ProductSearch/PartNumberSearch?part_number=RT0805FRD070M137L,RES SMD 13.7 kΩ 1% 0805 150V,Yageo,RT0805FRD070M137L,1%,150V,0805,2012,RT0805FRD07,https://www.trustedparts.com/en/search/RT0805FRD070M137L
R_RT0805FRD070M14L,R,14 kΩ,resistor_footprints:R_0805_2012Metric,https://www.yageo.com/en/ProductSearch/PartNumberSearch?part_number=RT0805FRD070M14L,RES SMD 14 kΩ 1% 0805 150V,Yageo,RT0805FRD070M14L,1%,150V,0805,2012,RT0805FRD07,https://www.trustedparts.com/en/search/RT0805FRD070M14L
R_RT0805FRD070M143L,R,14.3 kΩ,resistor_footprints:R_0805_2012Metric,https://www.yageo.com/en/ProductSearch/PartNumberSearch?part_number=RT0805FRD070M143L,RES SMD 14.3 kΩ 1% 0805 150V,Yageo,RT0805FRD070M143L,1%,150V,0805,2012,RT0805FRD07,https://www.trustedparts.com/en/search/RT0805FRD070M143L
R_RT0805FRD070M147L,R,14.7 kΩ,resistor_footprints:R_0805_2012Metric,https://www.yageo.com/en/ProductSearch/PartNumberSearch?part_number=RT0805FRD070M147L,RES SMD 14.7 kΩ 1% 0805 150V,Yageo,RT0805FRD070M147L,1%,150V,0805,2012,RT0805FRD07,https://www.trustedparts.com/en/search/RT0805FRD070M147L
R_RT0805FRD070M15L,R,15 kΩ,resistor_footprints:R_0805_2012Metric,https://www.yageo.com/en/ProductSearch/PartNumberSearch?part_number=RT0805FRD070M15L,RES SMD 15 kΩ 1% 0805 150V,Yageo,RT0805FRD070M15L,1%,150V,0805,2012,RT0805FRD07,https://www.trustedparts.com/en/search/RT0805FRD070M15L
R_RT0805FRD070M154L,R,15.4 kΩ,resistor_footprints:R_0805_2012Metric,https://www.yageo.com/en/ProductSearch/PartNumberSearch?part_number=RT0805FRD070M154L,RES SMD 15.4 kΩ 1% 0805 150V,Yageo,RT0805FRD070M154L,1%,150V,0805,2012,RT0805FRD07,https://www.trustedparts.com/en/search/RT0805FRD070M154L
R_RT0805FRD070M158L,R,15.8 kΩ,resistor_footprints:R_0805_2012Metric,https://www.yageo.com/en/ProductSearch/PartNumberSearch?part_number=RT0805FRD070M158L,RES SMD 15.8 kΩ 1% 0805 150V,Yageo,RT0805FRD070M158L,1%,150V,0805,2012,RT0805FRD07,https://www.trustedparts.com/en/search/RT0805FRD070M158L
R_RT0805FRD070M16L,R,16 kΩ,resistor_footprints:R_0805_2012Metric,https://www.yageo.com/en/ProductSearch/PartNumberSearch?part_number=RT0805FRD070M16L,RES SMD 16 kΩ 1% 0805 150V,Yageo,RT0805FRD070M16L,1%,150V,0805,2012,RT0805FRD07,https://www.trustedparts.com/en/search/RT0805FRD070M16L
R_RT0805FRD070M162L,R,16.2 kΩ,resistor_footprints:R_0805_2012Metric,https://www.yageo.com/en/ProductSearch/PartNumberSearch?part_number=RT0805FRD070M162L,RES SMD 16.2 kΩ 1% 0805 150V,Yageo,RT0805FRD070M162L,1%,150V,0805,2012,RT0805FRD07,https://www.trustedparts.com/en/search/RT0805FRD070M162L
R_RT0805FRD070M165L,R,16.5 kΩ,resistor_footprints:R_0805_2012Metric,https://www.yageo.com/en/ProductSearch/PartNumberSearch?part_number=RT0805FRD070M165L,RES SMD 16.5 kΩ 1% 0805 150V,Yageo,RT0805FRD070M165L,1%,150V,0805,2012,RT0805FRD07,https://www.trustedparts.com/en/search/RT0805FRD070M165L
R_RT0805FRD070M169L,R,16.9 kΩ,resistor_footprints:R_0805_2012Metric,https://www.yageo.com/en/ProductSearch/PartNumberSearch?part_number=RT0805FRD070M169L,RES SMD 16.9 kΩ 1% 0805 150V,Yageo,RT0805FRD070M169L,1%,150V,0805,2012,RT0805FRD07,https://www.trustedparts.com/en/search/RT0805FRD070M169L
R_RT0805FRD070M174L,R,17.4 kΩ,resistor_footprints:R_0805_2012Metric,https://www.yageo.com/en/ProductSearch/PartNumberSearch?part_number=RT0805FRD070M174L,RES SMD 17.4 kΩ 1% 0805 150V,Yageo,RT0805FRD070M174L,1%,150V,0805,2012,RT0805FRD07,https://www.trustedparts.com/en/search/RT0805FRD070M174L
R_RT0805FRD070M178L,R,17.8 kΩ,resistor_footprints:R_0805_2012Metric,https://www.yageo.com/en/ProductSearch/PartNumberSearch?part_number=RT0805FRD070M178L,RES SMD 17.8 kΩ 1% 0805 150V,Yageo,RT0805FRD070M178L,1%,150V,0805,2012,RT0805FRD07,https://www.trustedparts.com/en/search/RT0805FRD070M178L
R_RT0805FRD070M18L,R,18 kΩ,resistor_footprints:R_0805_2012Metric,https://www.yageo.com/en/ProductSearch/PartNumberSearch?part_number=RT0805FRD070M18L,RES SMD 18 kΩ 1% 0805 150V,Yageo,RT0805FRD070M18L,1%,150V,0805,2012,RT0805FRD07,https://www.trustedparts.com/en/search/RT0805FRD070M18L
R_RT0805FRD070M182L,R,18.2 kΩ,resistor_footprints:R_0805_2012Metric,https://www.yageo.com/en/ProductSearch/PartNumberSearch?part_number=RT0805FRD070M182L,RES SMD 18.2 kΩ 1% 0805 150V,Yageo,RT0805FRD070M182L,1%,150V,0805,2012,RT0805FRD07,https://www.trustedparts.com/en/search/RT0805FRD070M182L
R_RT0805FRD070M187L,R,18.7 kΩ,resistor_footprints:R_0805_2012Metric,https://www.yageo.com/en/ProductSearch/PartNumberSearch?part_number=RT0805FRD070M187L,RES SMD 18.7 kΩ 1% 0805 150V,Yageo,RT0805FRD070M187L,1%,150V,0805,2012,RT0805FRD07,https://www.trustedparts.com/en/search/RT0805FRD070M187L
R_RT0805FRD070M191L,R,19.1 kΩ,resistor_footprints:R_0805_2012Metric,https://www.yageo.com/en/ProductSearch/PartNumberSearch?part_number=RT0805FRD070M191L,RES SMD 19.1 kΩ 1% 0805 150V,Yageo,RT0805FRD070M191L,1%,150V,0805,2012,RT0805FRD07,https://www.trustedparts.com/en/search/RT0805FRD070M191L
R_RT0805FRD070M196L,R,19.6 kΩ,resistor_footprints:R_0805_2012Metric,https://www.yageo.com/en/ProductSearch/PartNumberSearch?part_number=RT0805FRD070M196L,RES SMD 19.6 kΩ 1% 0805 150V,Yageo,RT0805FRD070M196L,1%,150V,0805,2012,RT0805FRD07,https://www.trustedparts.com/en/search/RT0805FRD070M196L
R_RT0805FRD070M2L,R,20 kΩ,resistor_footprints:R_0805_2012Metric,https://www.yageo.com/en/ProductSearch/PartNumberSearch?part_number=RT0805FRD070M2L,RES SMD 20 kΩ 1% 0805 150V,Yageo,RT0805FRD070M2L,1%,150V,0805,2012,RT0805FRD07,https://www.trustedparts.com/en/search/RT0805FRD070M2L
R_RT0805FRD070M205L,R,20.5 kΩ,resistor_footprints:R_0805_2012Metric,https://www.yageo.com/en/ProductSearch/PartNumberSearch?part_number=RT0805FRD070M205L,RES SMD 20.5 kΩ 1% 0805 150V,Yageo,RT0805FRD070M205L,1%,150V,0805,2012,RT0805FRD07,https://www.trustedparts.com/en/search/RT0805FRD070M205L
R_RT0805FRD070M21L,R,21 kΩ,resistor_footprints:R_0805_2012Metric,https://www.yageo.com/en/ProductSearch/PartNumberSearch?part_number=RT0805FRD070M21L,RES SMD 21 kΩ 1% 0805 150V,Yageo,RT0805FRD070M21L,1%,150V,0805,2012,RT0805FRD07,https://www.trustedparts.com/en/search/RT0805FRD070M21L
R_RT0805FRD070M215L,R,21.5 kΩ,resistor_footprints:R_0805_2012Metric,https://www.yageo.com/en/ProductSearch/PartNumberSearch?part_number=RT0805FRD070M215L,RES SMD 21.5 kΩ 1% 0805 150V,Yageo,RT0805FRD070M215L,1%,150V,0805,2012,RT0805FRD07,https://www.trustedparts.com/en/search/RT0805FRD070M215L
R_RT0805FRD070M22L,R,22 kΩ,resistor_footprints:R_0805_2012Metric,https://www.yageo.com/en/ProductSearch/PartNumberSearch?part_number=RT0805FRD070M22L,RES SMD 22 kΩ 1% 0805 150V,Yageo,RT0805FRD070M22L,1%,150V,0805,2012,RT0805FRD07,https://www.trustedparts.com/en/search/RT0805FRD070M22L
R_RT0805FRD070M221L,R,22.1 kΩ,resistor_footprints:R_0805_2012Metric,https://www.yageo.com/en/ProductSearch/PartNumberSearch?part_number=RT0805FRD070M221L,RES SMD 22.1 kΩ 1% 0805 150V,Yageo,RT0805FRD070M221L,1%,150V,0805,2012,RT0805FRD07,https://www.trustedparts.com/en/search/RT0805FRD070M221L
R_RT0805FRD070M226L,R,22.6 kΩ,resistor_footprints:R_0805_2012Metric,https://www.yageo.com/en/ProductSearch/PartNumberSearch?part_number=RT0805FRD070M226L,RES SMD 22.6 kΩ 1% 0805 150V,Yageo,RT0805FRD070M226L,1%,150V,0805,2012,RT0805FRD07,https://www.trustedparts.com/en/search/RT0805FRD070M226L
R_RT0805FRD070M232L,R,23.2 kΩ,resistor_footprints:R_0805_2012Metric,https://www.yageo.com/en/ProductSearch/PartNumberSearch?part_number=RT0805FRD070M232L,RES SMD 23.2 kΩ 1% 0805 150V,Yageo,RT0805FRD070M232L,1%,150V,0805,2012,RT0805FRD07,https://www.trustedparts.com/en/search/RT0805FRD070M232L
R_RT0805FRD070M237L,R,23.7 kΩ,resistor_footprints:R_0805_2012Metric,https://www.yageo.com/en/ProductSearch/PartNumberSearch?part_number=RT0805FRD070M237L,RES SMD 23.7 kΩ 1% 0805 150V,Yageo,RT0805FRD070M237L,1%,150V,0805,2012,RT0805FRD07,https://www.trustedparts.com/en/search/RT0805FRD070M237L
R_RT0805FRD070M24L,R,24 kΩ,resistor_footprints:R_0805_2012Metric,https://www.yageo.com/en/ProductSearch/PartNumberSearch?part_number=RT0805FRD070M24L,RES SMD 24 kΩ 1% 0805 150V,Yageo,RT0805FRD070M24L,1%,150V,0805,2012,RT0805FRD07,https://www.trustedparts.com/en/search/RT0805FRD070M24L
R_RT0805FRD070M243L,R,24.3 kΩ,resistor_footprints:R_0805_2012Metric,https://www.yageo.com/en/ProductSearch/PartNumberSearch?part_number=RT0805FRD070M243L,RES SMD 24.3 kΩ 1% 0805 150V,Yageo,RT0805FRD070M243L,1%,150V,0805,2012,RT0805FRD07,https://www.trustedparts.com/en/search/RT0805FRD070M243L
R_RT0805FRD070M249L,R,24.9 kΩ,resistor_footprints:R_0805_2012Metric,https://www.yageo.com/en/ProductSearch/PartNumberSearch?part_number=RT0805FRD070M249L,RES SMD 24.9 kΩ 1% 0805 150V,Yageo,RT0805FRD070M249L,1%,150V,0805,2012,RT0805FRD07,https://www.trustedparts.com/en/search/RT0805FRD070M249L
R_RT0805FRD070M255L,R,25.5 kΩ,resistor_footprints:R_0805_2012Metric,https://www.yageo.com/en/ProductSearch/PartNumberSearch?part_number=RT0805FRD070M255L,RES SMD 25.5 kΩ 1% 0805 150V,Yageo,RT0805FRD070M255L,1%,150V,0805,2012,RT0805FRD07,https://www.trustedparts.com/en/search/RT0805FRD070M255L
R_RT0805FRD070M261L,R,26.1 kΩ,resistor_footprints:R_0805_2012Metric,https://www.yageo.com/en/ProductSearch/PartNumberSearch?part_number=RT0805FRD070M261L,RES SMD 26.1 kΩ 1% 0805 150V,Yageo,RT0805FRD070M261L,1%,150V,0805,2012,RT0805FRD07,https://www.trustedparts.com/en/search/RT0805FRD070M261L
R_RT0805FRD070M267L,R,26.7 kΩ,resistor_footprints:R_0805_2012Metric,https://www.yageo.com/en/ProductSearch/PartNumberSearch?part_number=RT0805FRD070M267L,RES SMD 26.7 kΩ 1% 0805 150V,Yageo,RT0805FRD070M267L,1%,150V,0805,2012,RT0805FRD07,https://www.trustedparts.com/en/search/RT0805FRD070M267L
R_RT0805FRD070M27L,R,27 kΩ,resistor_footprints:R_0805_2012Metric,https://www.yageo.com/en/ProductSearch/PartNumberSearch?part_number=RT0805FRD070M27L,RES SMD 27 kΩ 1% 0805 150V,Yageo,RT0805FRD070M27L,1%,150V,0805,2012,RT0805FRD07,https://www.trustedparts.com/en/search/RT0805FRD070M27L
R_RT0805FRD070M274L,R,27.4 kΩ,resistor_footprints:R_0805_2012Metric,https://www.yageo.com/en/ProductSearch/PartNumberSearch?part_number=RT0805FRD070M274L,RES SMD 27.4 kΩ 1% 0805 150V,Yageo,RT0805FRD070M274L,1%,150V,0805,2012,RT0805FRD07,https://www.trustedparts.com/en/search/RT0805FRD070M274L
R_RT0805FRD070M28L,R,28 kΩ,resistor_footprints:R_0805_2012Metric,https://www.yageo.com/en/ProductSearch/PartNumberSearch?part_number=RT0805FRD070M28L,RES SMD 28 kΩ 1% 0805 150V,Yageo,RT0805FRD070M28L,1%,150V,0805,2012,RT0805FRD07,https://www.trustedparts.com/en/search/RT0805FRD070M28L
R_RT0805FRD070M287L,R,28.7 kΩ,resistor_footprints:R_0805_2012Metric,https://www.yageo.com/en/ProductSearch/PartNumberSearch?part_number=RT0805FRD070M287L,RES SMD 28.7 kΩ 1% 0805 150V,Yageo,RT0805FRD070M287L,1%,150V,0805,2012,RT0805FRD07,https://www.trustedparts.com/en/search/RT0805FRD070M287L
R_RT0805FRD070M294L,R,29.4 kΩ,resistor_footprints:R_0805_2012Metric,https://www.yageo.com/en/ProductSearch/PartNumberSearch?part_number=RT0805FRD070M294L,RES SMD 29.4 kΩ 1% 0805 150V,Yageo,RT0805FRD070M294L,1%,150V,0805,2012,RT0805FRD07,https://www.trustedparts.com/en/search/RT0805FRD070M294L
R_RT0805FRD070M3L,R,30 kΩ,resistor_footprints:R_0805_2012Metric,https://www.yageo.com/en/ProductSearch/PartNumberSearch?part_number=RT0805FRD070M3L,RES SMD 30 kΩ 1% 0805 150V,Yageo,RT0805FRD070M3L,1%,150V,0805,2012,RT0805FRD07,https://www.trustedparts.com/en/search/RT0805FRD070M3L
R_RT0805FRD070M301L,R,30.1 kΩ,resistor_footprints:R_0805_2012Metric,https://www.yageo.com/en/ProductSearch/PartNumberSearch?part_number=RT0805FRD070M301L,RES SMD 30.1 kΩ 1% 0805 150V,Yageo,RT0805FRD070M301L,1%,150V,0805,2012,RT0805FRD07,https://www.trustedparts.com/en/search/RT0805FRD070M301L
R_RT0805FRD070M309L,R,30.9 kΩ,resistor_footprints:R_0805_2012Metric,https://www.yageo.com/en/ProductSearch/PartNumberSearch?part_number=RT0805FRD070M309L,RES SMD 30.9 kΩ 1% 0805 150V,Yageo,RT0805FRD070M309L,1%,150V,0805,2012,RT0805FRD07,https://www.trustedparts.com/en/search/RT0805FRD070M309L
R_RT0805FRD070M316L,R,31.6 kΩ,resistor_footprints:R_0805_2012Metric,https://www.yageo.com/en/ProductSearch/PartNumberSearch?part_number=RT0805FRD070M316L,RES SMD 31.6 kΩ 1% 0805 150V,Yageo,RT0805FRD070M316L,1%,150V,0805,2012,RT0805FRD07,https://www.trustedparts.com/en/search/RT0805FRD070M316L
R_RT0805FRD070M324L,R,32.4 kΩ,resistor_footprints:R_0805_2012Metric,https://www.yageo.com/en/ProductSearch/PartNumberSearch?part_number=RT0805FRD070M324L,RES SMD 32.4 kΩ 1% 0805 150V,Yageo,RT0805FRD070M324L,1%,150V,0805,2012,RT0805FRD07,https://www.trustedparts.com/en/search/RT0805FRD070M324L
R_RT0805FRD070M33L,R,33 kΩ,resistor_footprints:R_0805_2012Metric,https://www.yageo.com/en/ProductSearch/PartNumberSearch?part_number=RT0805FRD070M33L,RES SMD 33 kΩ 1% 0805 150V,Yageo,RT0805FRD070M33L,1%,150V,0805,2012,RT0805FRD07,https://www.trustedparts.com/en/search/RT0805FRD070M33L
R_RT0805FRD070M332L,R,33.2 kΩ,resistor_footprints:R_0805_2012Metric,https://www.yageo.com/en/ProductSearch/PartNumberSearch?part_number=RT0805FRD070M332L,RES SMD 33.2 kΩ 1% 0805 150V,Yageo,RT0805FRD070M332L,1%,150V,0805,2012,RT0805FRD07,https://www.trustedparts.com/en/search/RT0805FRD070M332L
R_RT0805FRD070M34L,R,34 kΩ,resistor_footprints:R_0805_2012Metric,https://www.yageo.com/en/ProductSearch/PartNumberSearch?part_number=RT0805FRD070M34L,RES SMD 34 kΩ 1% 0805 150V,Yageo,RT0805FRD070M34L,1%,150V,0805,2012,RT0805FRD07,https://www.trustedparts.com/en/search/RT0805FRD070M34L
R_RT0805FRD070M348L,R,34.8 kΩ,resistor_footprints:R_0805_2012Metric,https://www.yageo.com/en/ProductSearch/PartNumberSearch?part_number=RT0805FRD070M348L,RES SMD 34.8 kΩ 1% 0805 150V,Yageo,RT0805FRD070M348L,1%,150V,0805,2012,RT0805FRD07,https://www.trustedparts.com/en/search/RT0805FRD070M348L
R_RT0805FRD070M357L,R,35.7 kΩ,resistor_footprints:R_0805_2012Metric,https://www.yageo.com/en/ProductSearch/PartNumberSearch?part_number=RT0805FRD070M357L,RES SMD 35.7 kΩ 1% 0805 150V,Yageo,RT0805FRD070M357L,1%,150V,0805,2012,RT0805FRD07,https://www.trustedparts.com/en/search/RT0805FRD070M357L
R_RT0805FRD070M36L,R,36 kΩ,resistor_footprints:R_0805_2012Metric,https://www.yageo.com/en/ProductSearch/PartNumberSearch?part_number=RT0805FRD070M36L,RES SMD 36 kΩ 1% 0805 150V,Yageo,RT0805FRD070M36L,1%,150V,0805,2012,RT0805FRD07,https://www.trustedparts.com/en/search/RT0805FRD070M36L
R_RT0805FRD070M365L,R,36.5 kΩ,resistor_footprints:R_0805_2012Metric,https://www.yageo.com/en/ProductSearch/PartNumberSearch?part_number=RT0805FRD070M365L,RES SMD 36.5 kΩ 1% 0805 150V,Yageo,RT0805FRD070M365L,1%,150V,0805,2012,RT0805FRD07,https://www.trustedparts.com/en/search/RT0805FRD070M365L
R_RT0805FRD070M374L,R,37.4 kΩ,resistor_footprints:R_0805_2012Metric,https://www.yageo.com/en/ProductSearch/PartNumberSearch?part_number=RT0805FRD070M374L,RES SMD 37.4 kΩ 1% 0805 150V,Yageo,RT0805FRD070M374L,1%,150V,0805,2012,RT0805FRD07,https://www.trustedparts.com/en/search/RT0805FRD070M374L
R_RT0805FRD070M383L,R,38.3 kΩ,resistor_footprints:R_0805_2012Metric,https://www.yageo.com/en/ProductSearch/PartNumberSearch?part_number=RT0805FRD070M383L,RES SMD 38.3 kΩ 1% 0805 150V,Yageo,RT0805FRD070M383L,1%,150V,0805,2012,RT0805FRD07,https://www.trustedparts.com/en/search/RT0805FRD070M383L
R_RT0805FRD070M39L,R,39 kΩ,resistor_footprints:R_0805_2012Metric,https://www.yageo.com/en/ProductSearch/PartNumberSearch?part_number=RT0805FRD070M39L,RES SMD 39 kΩ 1% 0805 150V,Yageo,RT0805FRD070M39L,1%,150V,0805,2012,RT0805FRD07,https://www.trustedparts.com/en/search/RT0805FRD070M39L
R_RT0805FRD070M392L,R,39.2 kΩ,resistor_footprints:R_0805_2012Metric,https://www.yageo.com/en/ProductSearch/PartNumberSearch?part_number=RT0805FRD070M392L,RES SMD 39.2 kΩ 1% 0805 150V,Yageo,RT0805FRD070M392L,1%,150V,0805,2012,RT0805FRD07,https://www.trustedparts.com/en/search/RT0805FRD070M392L
R_RT0805FRD070M402L,R,40.2 kΩ,resistor_footprints:R_0805_2012Metric,https://www.yageo.com/en/ProductSearch/PartNumberSearch?part_number=RT0805FRD070M402L,RES SMD 40.2 kΩ 1% 0805 150V,Yageo,RT0805FRD070M402L,1%,150V,0805,2012,RT0805FRD07,https://www.trustedparts.com/en/search/RT0805FRD070M402L
R_RT0805FRD070M412L,R,41.2 kΩ,resistor_footprints:R_0805_2012Metric,https://www.yageo.com/en/ProductSearch/PartNumberSearch?part_number=RT0805FRD070M412L,RES SMD 41.2 kΩ 1% 0805 150V,Yageo,RT0805FRD070M412L,1%,150V,0805,2012,RT0805FRD07,https://www.trustedparts.com/en/search/RT0805FRD070M412L
R_RT0805FRD070M422L,R,42.2 kΩ,resistor_footprints:R_0805_2012Metric,https://www.yageo.com/en/ProductSearch/PartNumberSearch?part_number=RT0805FRD070M422L,RES SMD 42.2 kΩ 1% 0805 150V,Yageo,RT0805FRD070M422L,1%,150V,0805,2012,RT0805FRD07,https://www.trustedparts.com/en/search/RT0805FRD070M422L
R_RT0805FRD070M43L,R,43 kΩ,resistor_footprints:R_0805_2012Metric,https://www.yageo.com/en/ProductSearch/PartNumberSearch?part_number=RT0805FRD070M43L,RES SMD 43 kΩ 1% 0805 150V,Yageo,RT0805FRD070M43L,1%,150V,0805,2012,RT0805FRD07,https://www.trustedparts.com/en/search/RT0805FRD070M43L
R_RT0805FRD070M432L,R,43.2 kΩ,resistor_footprints:R_0805_2012Metric,https://www.yageo.com/en/ProductSearch/PartNumberSearch?part_number=RT0805FRD070M432L,RES SMD 43.2 kΩ 1% 0805 150V,Yageo,RT0805FRD070M432L,1%,150V,0805,2012,RT0805FRD07,https://www.trustedparts.com/en/search/RT0805FRD070M432L
R_RT0805FRD070M442L,R,44.2 kΩ,resistor_footprints:R_0805_2012Metric,https://www.yageo.com/en/ProductSearch/PartNumberSearch?part_number=RT0805FRD070M442L,RES SMD 44.2 kΩ 1% 0805 150V,Yageo,RT0805FRD070M442L,1%,150V,0805,2012,RT0805FRD07,https://www.trustedparts.com/en/search/RT0805FRD070M442L
R_RT0805FRD070M453L,R,45.3 kΩ,resistor_footprints:R_0805_2012Metric,https://www.yageo.com/en/ProductSearch/PartNumberSearch?part_number=RT0805FRD070M453L,RES SMD 45.3 kΩ 1% 0805 150V,Yageo,RT0805FRD070M453L,1%,150V,0805,2012,RT0805FRD07,https://www.trustedparts.com/en/search/RT0805FRD070M453L
R_RT0805FRD070M464L,R,46.4 kΩ,resistor_footprints:R_0805_2012Metric,https://www.yageo.com/en/ProductSearch/PartNumberSearch?part_number=RT0805FRD070M464L,RES SMD 46.4 kΩ 1% 0805 150V,Yageo,RT0805FRD070M464L,1%,150V,0805,2012,RT0805FRD07,https://www.trustedparts.com/en/search/RT0805FRD070M464L
R_RT0805FRD070M47L,R,47 kΩ,resistor_footprints:R_0805_2012Metric,https://www.yageo.com/en/ProductSearch/PartNumberSearch?part_number=RT0805FRD070M47L,RES SMD 47 kΩ 1% 0805 150V,Yageo,RT0805FRD070M47L,1%,150V,0805,2012,RT0805FRD07,https://www.trustedparts.com/en/search/RT0805FRD070M47L
R_RT0805FRD070M475L,R,47.5 kΩ,resistor_footprints:R_0805_2012Metric,https://www.yageo.com/en/ProductSearch/PartNumberSearch?part_number=RT0805FRD070M475L,RES SMD 47.5 kΩ 1% 0805 150V,Yageo,RT0805FRD070M475L,1%,150V,0805,2012,RT0805FRD07,https://www.trustedparts.com/en/search/RT0805FRD070M475L
R_RT0805FRD070M487L,R,48.7 kΩ,resistor_footprints:R_0805_2012Metric,https://www.yageo.com/en/ProductSearch/PartNumberSearch?part_number=RT0805FRD070M487L,RES SMD 48.7 kΩ 1% 0805 150V,Yageo,RT0805FRD070M487L,1%,150V,0805,2012,RT0805FRD07,https://www.trustedparts.com/en/search/RT0805FRD070M487L
R_RT0805FRD070M499L,R,49.9 kΩ,resistor_footprints:R_0805_2012Metric,https://www.yageo.com/en/ProductSearch/PartNumberSearch?part_number=RT0805FRD070M499L,RES SMD 49.9 kΩ 1% 0805 150V,Yageo,RT0805FRD070M499L,1%,150V,0805,2012,RT0805FRD07,https://www.trustedparts.com/en/search/RT0805FRD070M499L
R_RT0805FRD070M51L,R,51 kΩ,resistor_footprints:R_0805_2012Metric,https://www.yageo.com/en/ProductSearch/PartNumberSearch?part_number=RT0805FRD070M51L,RES SMD 51 kΩ 1% 0805 150V,Yageo,RT0805FRD070M51L,1%,150V,0805,2012,RT0805FRD07,https://www.trustedparts.com/en/search/RT0805FRD070M51L
R_RT0805FRD070M511L,R,51.1 kΩ,resistor_footprints:R_0805_2012Metric,https://www.yageo.com/en/ProductSearch/PartNumberSearch?part_number=RT0805FRD070M511L,RES SMD 51.1 kΩ 1% 0805 150V,Yageo,RT0805FRD070M511L,1%,150V,0805,2012,RT0805FRD07,https://www.trustedparts.com/en/search/RT0805FRD070M511L
R_RT0805FRD070M523L,R,52.3 kΩ,resistor_footprints:R_0805_2012Metric,https://www.yageo.com/en/ProductSearch/PartNumberSearch?part_number=RT0805FRD070M523L,RES SMD 52.3 kΩ 1% 0805 150V,Yageo,RT0805FRD070M523L,1%,150V,0805,2012,RT0805FRD07,https://www.trustedparts.com/en/search/RT0805FRD070M523L
R_RT0805FRD070M536L,R,53.6 kΩ,resistor_footprints:R_0805_2012Metric,https://www.yageo.com/en/ProductSearch/PartNumberSearch?part_number=RT0805FRD070M536L,RES SMD 53.6 kΩ 1% 0805 150V,Yageo,RT0805FRD070M536L,1%,150V,0805,2012,RT0805FRD07,https://www.trustedparts.com/en/search/RT0805FRD070M536L
R_RT0805FRD070M549L,R,54.9 kΩ,resistor_footprints:R_0805_2012Metric,https://www.yageo.com/en/ProductSearch/PartNumberSearch?part_number=RT0805FRD070M549L,RES SMD 54.9 kΩ 1% 0805 150V,Yageo,RT0805FRD070M549L,1%,150V,0805,2012,RT0805FRD07,https://www.trustedparts.com/en/search/RT0805FRD070M549L
R_RT0805FRD070M56L,R,56 kΩ,resistor_footprints:R_0805_2012Metric,https://www.yageo.com/en/ProductSearch/PartNumberSearch?part_number=RT0805FRD070M56L,RES SMD 56 kΩ 1% 0805 150V,Yageo,RT0805FRD070M56L,1%,150V,0805,2012,RT0805FRD07,https://www.trustedparts.com/en/search/RT0805FRD070M56L
R_RT0805FRD070M562L,R,56.2 kΩ,resistor_footprints:R_0805_2012Metric,https://www.yageo.com/en/ProductSearch/PartNumberSearch?part_number=RT0805FRD070M562L,RES SMD 56.2 kΩ 1% 0805 150V,Yageo,RT0805FRD070M562L,1%,150V,0805,2012,RT0805FRD07,https://www.trustedparts.com/en/search/RT0805FRD070M562L
R_RT0805FRD070M576L,R,57.6 kΩ,resistor_footprints:R_0805_2012Metric,https://www.yageo.com/en/ProductSearch/PartNumberSearch?part_number=RT0805FRD070M576L,RES SMD 57.6 kΩ 1% 0805 150V,Yageo,RT0805FRD070M576L,1%,150V,0805,2012,RT0805FRD07,https://www.trustedparts.com/en/search/RT0805FRD070M576L
R_RT0805FRD070M59L,R,59 kΩ,resistor_footprints:R_0805_2012Metric,https://www.yageo.com/en/ProductSearch/PartNumberSearch?part_number=RT0805FRD070M59L,RES SMD 59 kΩ 1% 0805 150V,Yageo,RT0805FRD070M59L,1%,150V,0805,2012,RT0805FRD07,https://www.trustedparts.com/en/search/RT0805FRD070M59L
R_RT0805FRD070M604L,R,60.4 kΩ,resistor_footprints:R_0805_2012Metric,https://www.yageo.com/en/ProductSearch/PartNumberSearch?part_number=RT0805FRD070M604L,RES SMD 60.4 kΩ 1% 0805 150V,Yageo,RT0805FRD070M604L,1%,150V,0805,2012,RT0805FRD07,https://www.trustedparts.com/en/search/RT0805FRD070M604L
R_RT0805FRD070M619L,R,61.9 kΩ,resistor_footprints:R_0805_2012Metric,https://www.yageo.com/en/ProductSearch/PartNumberSearch?part_number=RT0805FRD070M619L,RES SMD 61.9 kΩ 1% 0805 150V,Yageo,RT0805FRD070M619L,1%,150V,0805,2012,RT0805FRD07,https://www.trustedparts.com/en/search/RT0805FRD070M619L
R_RT0805FRD070M62L,R,62 kΩ,resistor_footprints:R_0805_2012Metric,https://www.yageo.com/en/ProductSearch/PartNumberSearch?part_number=RT0805FRD070M62L,RES SMD 62 kΩ 1% 0805 150V,Yageo,RT0805FRD070M62L,1%,150V,0805,2012,RT0805FRD07,https://www.trustedparts.com/en/search/RT0805FRD070M62L
R_RT0805FRD070M634L,R,63.4 kΩ,resistor_footprints:R_0805_2012Metric,https://www.yageo.com/en/ProductSearch/PartNumberSearch?part_number=RT0805FRD070M634L,RES SMD 63.4 kΩ 1% 0805 150V,Yageo,RT0805FRD070M634L,1%,150V,0805,2012,RT0805FRD07,https://www.trustedparts.com/en/search/RT0805FRD070M634L
R_RT0805FRD070M649L,R,64.9 kΩ,resistor_footprints:R_0805_2012Metric,https://www.yageo.com/en/ProductSearch/PartNumberSearch?part_number=RT0805FRD070M649L,RES SMD 64.9 kΩ 1% 0805 150V,Yageo,RT0805FRD070M649L,1%,150V,0805,2012,RT0805FRD07,https://www.trustedparts.com/en/search/RT0805FRD070M649L
R_RT0805FRD070M665L,R,66.5 kΩ,resistor_footprints:R_0805_2012Metric,https://www.yageo.com/en/ProductSearch/PartNumberSearch?part_number=RT0805FRD070M665L,RES SMD 66.5 kΩ 1% 0805 150V,Yageo,RT0805FRD070M665L,1%,150V,0805,2012,RT0805FRD07,https://www.trustedparts.com/en/search/RT0805FRD070M665L
R_RT0805FRD070M68L,R,68 kΩ,resistor_footprints:R_0805_2012Metric,https://www.yageo.com/en/ProductSearch/PartNumberSearch?part_number=RT0805FRD070M68L,RES SMD 68 kΩ 1% 0805 150V,Yageo,RT0805FRD070M68L,1%,150V,0805,2012,RT0805FRD07,https://www.trustedparts.com/en/search/RT0805FRD070M68L
R_RT0805FRD070M681L,R,68.1 kΩ,resistor_footprints:R_0805_2012Metric,https://www.yageo.com/en/ProductSearch/PartNumberSearch?part_number=RT0805FRD070M681L,RES SMD 68.1 kΩ 1% 0805 150V,Yageo,RT0805FRD070M681L,1%,150V,0805,2012,RT0805FRD07,https://www.trustedparts.com/en/search/RT0805FRD070M681L
R_RT0805FRD070M698L,R,69.8 kΩ,resistor_footprints:R_0805_2012Metric,https://www.yageo.com/en/ProductSearch/PartNumberSearch?part_number=RT0805FRD070M698L,RES SMD 69.8 kΩ 1% 0805 150V,Yageo,RT0805FRD070M698L,1%,150V,0805,2012,RT0805FRD07,https://www.trustedparts.com/en/search/RT0805FRD070M698L
R_RT0805FRD070M715L,R,71.5 kΩ,resistor_footprints:R_0805_2012Metric,https://www.yageo.com/en/ProductSearch/PartNumberSearch?part_number=RT0805FRD070M715L,RES SMD 71.5 kΩ 1% 0805 150V,Yageo,RT0805FRD070M715L,1%,150V,0805,2012,RT0805FRD07,https://www.trustedparts.com/en/search/RT0805FRD070M715L
R_RT0805FRD070M732L,R,73.2 kΩ,resistor_footprints:R_0805_2012Metric,https://www.yageo.com/en/ProductSearch/PartNumberSearch?part_number=RT0805FRD070M732L,RES SMD 73.2 kΩ 1% 0805 150V,Yageo,RT0805FRD070M732L,1%,150V,0805,2012,RT0805FRD07,https://www.trustedparts.com/en/search/RT0805FRD070M732L
R_RT0805FRD070M75L,R,75 kΩ,resistor_footprints:R_0805_2012Metric,https://www.yageo.com/en/ProductSearch/PartNumberSearch?part_number=RT0805FRD070M75L,RES SMD 75 kΩ 1% 0805 150V,Yageo,RT0805FRD070M75L,1%,150V,0805,2012,RT0805FRD07,https://www.trustedparts.com/en/search/RT0805FRD070M75L
R_RT0805FRD070M768L,R,76.8 kΩ,resistor_footprints:R_0805_2012Metric,https://www.yageo.com/en/ProductSearch/PartNumberSearch?part_number=RT0805FRD070M768L,RES SMD 76.8 kΩ 1% 0805 150V,Yageo,RT0805FRD070M768L,1%,150V,0805,2012,RT0805FRD07,https://www.trustedparts.com/en/search/RT0805FRD070M768L
R_RT0805FRD070M787L,R,78.7 kΩ,resistor_footprints:R_0805_2012Metric,https://www.yageo.com/en/ProductSearch/PartNumberSearch?part_number=RT0805FRD070M787L,RES SMD 78.7 kΩ 1% 0805 150V,Yageo,RT0805FRD070M787L,1%,150V,0805,2012,RT0805FRD07,https://www.trustedparts.com/en/search/RT0805FRD070M787L
R_RT0805FRD070M806L,R,80.6 kΩ,resistor_footprints:R_0805_2012Metric,https://www.yageo.com/en/ProductSearch/PartNumberSearch?part_number=RT0805FRD070M806L,RES SMD 80.6 kΩ 1% 0805 150V,Yageo,RT0805FRD070M806L,1%,150V,0805,2012,RT0805FRD07,https://www.trustedparts.com/en/search/RT0805FRD070M806L
R_RT0805FRD070M82L,R,82 kΩ,resistor_footprints:R_0805_2012Metric,https://www.yageo.com/en/ProductSearch/PartNumberSearch?part_number=RT0805FRD070M82L,RES SMD 82 kΩ 1% 0805 150V,Yageo,RT0805FRD070M82L,1%,150V,0805,2012,RT0805FRD07,https://www.trustedparts.com/en/search/RT0805FRD070M82L
R_RT0805FRD070M825L,R,82.5 kΩ,resistor_footprints:R_0805_2012Metric,https://www.yageo.com/en/ProductSearch/PartNumberSearch?part_number=RT0805FRD070M825L,RES SMD 82.5 kΩ 1% 0805 150V,Yageo,RT0805FRD070M825L,1%,150V,0805,2012,RT0805FRD07,https://www.trustedparts.com/en/search/RT0805FRD070M825L
R_RT0805FRD070M845L,R,84.5 kΩ,resistor_footprints:R_0805_2012Metric,https://www.yageo.com/en/ProductSearch/PartNumberSearch?part_number=RT0805FRD070M845L,RES SMD 84.5 kΩ 1% 0805 150V,Yageo,RT0805FRD070M845L,1%,150V,0805,2012,RT0805FRD07,https://www.trustedparts.com/en/search/RT0805FRD070M845L
R_RT0805FRD070M866L,R,86.6 kΩ,resistor_footprints:R_0805_2012Metric,https://www.yageo.com/en/ProductSearch/PartNumberSearch?part_number=RT0805FRD070M866L,RES SMD 86.6 kΩ 1% 0805 150V,Yageo,RT0805FRD070M866L,1%,150V,0805,2012,RT0805FRD07,https://www.trustedparts.com/en/search/RT0805FRD070M866L
R_RT0805FRD070M887L,R,88.7 kΩ,resistor_footprints:R_0805_2012Metric,https://www.yageo.com/en/ProductSearch/PartNumberSearch?part_number=RT0805FRD070M887L,RES SMD 88.7 kΩ 1% 0805 150V,Yageo,RT0805FRD070M887L,1%,150V,0805,2012,RT0805FRD07,https://www.trustedparts.com/en/search/RT0805FRD070M887L
R_RT0805FRD070M909L,R,90.9 kΩ,resistor_footprints:R_0805_2012Metric,https://www.yageo.com/en/ProductSearch/PartNumberSearch?part_number=RT0805FRD070M909L,RES SMD 90.9 kΩ 1% 0805 150V,Yageo,RT0805FRD070M909L,1%,150V,0805,2012,RT0805FRD07,https://www.trustedparts.com/en/search/RT0805FRD070M909L
R_RT0805FRD070M91L,R,91 kΩ,resistor_footprints:R_0805_2012Metric,https://www.yageo.com/en/ProductSearch/PartNumberSearch?part_number=RT0805FRD070M91L,RES SMD 91 kΩ 1% 0805 150V,Yageo,RT0805FRD070M91L,1%,150V,0805,2012,RT0805FRD07,https://www.trustedparts.com/en/search/RT0805FRD070M91L
R_RT0805FRD070M931L,R,93.1 kΩ,resistor_footprints:R_0805_2012Metric,https://www.yageo.com/en/ProductSearch/PartNumberSearch?part_number=RT0805FRD070M931L,RES SMD 93.1 kΩ 1% 0805 150V,Yageo,RT0805FRD070M931L,1%,150V,0805,2012,RT0805FRD07,https://www.trustedparts.com/en/search/RT0805FRD070M931L
R_RT0805FRD070M953L,R,95.3 kΩ,resistor_footprints:R_0805_2012Metric,https://www.yageo.com/en/ProductSearch/PartNumberSearch?part_number=RT0805FRD070M953L,RES SMD 95.3 kΩ 1% 0805 150V,Yageo,RT0805FRD070M953L,1%,150V,0805,2012,RT0805FRD07,https://www.trustedparts.com/en/search/RT0805FRD070M953L
R_RT0805FRD070M976L,R,97.6 kΩ,resistor_footprints:R_0805_2012Metric,https://www.yageo.com/en/ProductSearch/PartNumberSearch?part_number=RT0805FRD070M976L,RES SMD 97.6 kΩ 1% 0805 150V,Yageo,RT0805FRD070M976L,1%,150V,0805,2012,RT0805FRD07,https://www.trustedparts.com/en/search/RT0805FRD070M976L
R_RT0805FRD071ML,R,1 MΩ,resistor_footprints:R_0805_2012Metric,https://www.yageo.com/en/ProductSearch/PartNumberSearch?part_number=RT0805FRD071ML,RES SMD 1 MΩ 1% 0805 150V,Yageo,RT0805FRD071ML,1%,150V,0805,2012,RT0805FRD07,https://www.trustedparts.com/en/search/RT0805FRD071ML
R_RT0805FRD071M2L,R,1.02 MΩ,resistor_footprints:R_0805_2012Metric,https://www.yageo.com/en/ProductSearch/PartNumberSearch?part_number=RT0805FRD071M2L,RES SMD 1.02 MΩ 1% 0805 150V,Yageo,RT0805FRD071M2L,1%,150V,0805,2012,RT0805FRD07,https://www.trustedparts.com/en/search/RT0805FRD071M2L
R_RT0805FRD071M5L,R,1.05 MΩ,resistor_footprints:R_0805_2012Metric,https://www.yageo.com/en/ProductSearch/PartNumberSearch?part_number=RT0805FRD071M5L,RES SMD 1.05 MΩ 1% 0805 150V,Yageo,RT0805FRD071M5L,1%,150V,0805,2012,RT0805FRD07,https://www.trustedparts.com/en/search/RT0805FRD071M5L
